{
  "type": "FeatureCollection",
  "features": [
    {
      "type": "Feature",
      "geometry": {
        "coordinates": [
          [
            -96.625695,
            32.329214
          ],
          [
            -96.625611,
            32.329078
          ],
          [
            -96.625365,
            32.328708
          ],
          [
            -96.625933,
            32.328426
          ],
          [
            -96.626439,
            32.328175
          ],
          [
            -96.626751,
            32.328018
          ],
          [
            -96.627185,
            32.32781
          ],
          [
            -96.628129,
            32.327335
          ],
          [
            -96.629062,
            32.32686
          ],
          [
            -96.629405,
            32.326691
          ],
          [
            -96.629559,
            32.326615
          ],
          [
            -96.629768,
            32.326512
          ],
          [
            -96.629955,
            32.32642
          ],
          [
            -96.630219,
            32.326804
          ],
          [
            -96.630505,
            32.327222
          ],
          [
            -96.630782,
            32.327625
          ],
          [
            -96.630864,
            32.327746
          ],
          [
            -96.630947,
            32.327872
          ],
          [
            -96.631051,
            32.328018
          ],
          [
            -96.631594,
            32.328809
          ],
          [
            -96.632127,
            32.329587
          ],
          [
            -96.632672,
            32.330382
          ],
          [
            -96.633735,
            32.331931
          ],
          [
            -96.634825,
            32.333521
          ],
          [
            -96.635726,
            32.333081
          ],
          [
            -96.636237,
            32.332831
          ],
          [
            -96.636969,
            32.332473
          ],
          [
            -96.638185,
            32.331878
          ],
          [
            -96.638902,
            32.331529
          ],
          [
            -96.639046,
            32.331458
          ],
          [
            -96.639227,
            32.331391
          ],
          [
            -96.639522,
            32.331238
          ],
          [
            -96.639733,
            32.331142
          ],
          [
            -96.639993,
            32.331015
          ],
          [
            -96.640174,
            32.330935
          ],
          [
            -96.640263,
            32.330895
          ],
          [
            -96.640478,
            32.330825
          ],
          [
            -96.640684,
            32.330784
          ],
          [
            -96.640941,
            32.330771
          ],
          [
            -96.641163,
            32.330759
          ],
          [
            -96.641232,
            32.330759
          ],
          [
            -96.641421,
            32.330759
          ],
          [
            -96.641819,
            32.330747
          ],
          [
            -96.642284,
            32.330734
          ],
          [
            -96.642342,
            32.33073
          ],
          [
            -96.643054,
            32.330686
          ],
          [
            -96.64447,
            32.330665
          ],
          [
            -96.644776,
            32.330661
          ],
          [
            -96.644983,
            32.330632
          ],
          [
            -96.645072,
            32.33061
          ],
          [
            -96.645372,
            32.330534
          ],
          [
            -96.645429,
            32.330519
          ],
          [
            -96.645579,
            32.330447
          ],
          [
            -96.646513,
            32.330014
          ],
          [
            -96.646542,
            32.33
          ],
          [
            -96.647141,
            32.329672
          ],
          [
            -96.647284,
            32.329672
          ],
          [
            -96.647387,
            32.329686
          ],
          [
            -96.647459,
            32.329698
          ],
          [
            -96.647558,
            32.329726
          ],
          [
            -96.64779,
            32.330066
          ],
          [
            -96.648174,
            32.330654
          ],
          [
            -96.648236,
            32.330739
          ],
          [
            -96.648283,
            32.330821
          ],
          [
            -96.648893,
            32.33176
          ],
          [
            -96.649203,
            32.332228
          ],
          [
            -96.649281,
            32.332344
          ],
          [
            -96.649313,
            32.332393
          ],
          [
            -96.648751,
            32.332704
          ],
          [
            -96.648579,
            32.332788
          ],
          [
            -96.648475,
            32.332867
          ],
          [
            -96.648444,
            32.33287
          ],
          [
            -96.648405,
            32.332864
          ],
          [
            -96.648374,
            32.332839
          ],
          [
            -96.648234,
            32.332555
          ],
          [
            -96.647965,
            32.332198
          ],
          [
            -96.648594,
            32.331904
          ],
          [
            -96.648604,
            32.331899
          ],
          [
            -96.648893,
            32.33176
          ],
          [
            -96.648283,
            32.330821
          ],
          [
            -96.648236,
            32.330739
          ],
          [
            -96.648174,
            32.330654
          ],
          [
            -96.64779,
            32.330066
          ],
          [
            -96.647558,
            32.329726
          ],
          [
            -96.647417,
            32.329521
          ],
          [
            -96.646939,
            32.328809
          ],
          [
            -96.646625,
            32.328365
          ],
          [
            -96.646269,
            32.327861
          ],
          [
            -96.645624,
            32.3269
          ],
          [
            -96.645487,
            32.32658
          ],
          [
            -96.645435,
            32.326394
          ],
          [
            -96.64541,
            32.326175
          ],
          [
            -96.64541,
            32.325989
          ],
          [
            -96.645419,
            32.325926
          ],
          [
            -96.645461,
            32.325618
          ],
          [
            -96.645506,
            32.325362
          ],
          [
            -96.645616,
            32.324741
          ],
          [
            -96.645815,
            32.32466
          ],
          [
            -96.646052,
            32.324542
          ],
          [
            -96.646534,
            32.324306
          ],
          [
            -96.647103,
            32.324022
          ],
          [
            -96.647364,
            32.323893
          ],
          [
            -96.648089,
            32.323559
          ],
          [
            -96.648263,
            32.323476
          ],
          [
            -96.648407,
            32.323388
          ],
          [
            -96.648619,
            32.323282
          ],
          [
            -96.648782,
            32.323192
          ],
          [
            -96.64921,
            32.322958
          ],
          [
            -96.649294,
            32.322912
          ],
          [
            -96.649362,
            32.322875
          ],
          [
            -96.649423,
            32.322842
          ],
          [
            -96.65012,
            32.322502
          ],
          [
            -96.649996,
            32.322302
          ],
          [
            -96.649947,
            32.322198
          ],
          [
            -96.649879,
            32.322051
          ],
          [
            -96.649826,
            32.321939
          ],
          [
            -96.649756,
            32.32168
          ],
          [
            -96.649672,
            32.321367
          ],
          [
            -96.649654,
            32.321182
          ],
          [
            -96.649642,
            32.321066
          ],
          [
            -96.649638,
            32.321017
          ],
          [
            -96.649631,
            32.320942
          ],
          [
            -96.649618,
            32.320793
          ],
          [
            -96.649615,
            32.320761
          ],
          [
            -96.649629,
            32.320643
          ],
          [
            -96.649652,
            32.320448
          ],
          [
            -96.649689,
            32.320127
          ],
          [
            -96.64955,
            32.320113
          ],
          [
            -96.649584,
            32.319861
          ],
          [
            -96.649608,
            32.319769
          ],
          [
            -96.64967,
            32.319686
          ],
          [
            -96.649747,
            32.31964
          ],
          [
            -96.649837,
            32.319608
          ],
          [
            -96.650203,
            32.319477
          ],
          [
            -96.650507,
            32.319369
          ],
          [
            -96.650907,
            32.319228
          ],
          [
            -96.651182,
            32.319134
          ],
          [
            -96.651628,
            32.318968
          ],
          [
            -96.652259,
            32.318742
          ],
          [
            -96.652809,
            32.318546
          ],
          [
            -96.653147,
            32.318409
          ],
          [
            -96.653359,
            32.318323
          ],
          [
            -96.654074,
            32.318056
          ],
          [
            -96.654584,
            32.317866
          ],
          [
            -96.654878,
            32.317779
          ],
          [
            -96.65496,
            32.317755
          ],
          [
            -96.655134,
            32.317712
          ],
          [
            -96.655393,
            32.317667
          ],
          [
            -96.655575,
            32.317633
          ],
          [
            -96.657129,
            32.317358
          ],
          [
            -96.657444,
            32.317319
          ],
          [
            -96.657294,
            32.317208
          ],
          [
            -96.656669,
            32.316519
          ],
          [
            -96.656368,
            32.316258
          ],
          [
            -96.656143,
            32.316114
          ],
          [
            -96.655821,
            32.315946
          ],
          [
            -96.655446,
            32.315824
          ],
          [
            -96.655038,
            32.315761
          ],
          [
            -96.655049,
            32.315582
          ],
          [
            -96.654981,
            32.315451
          ],
          [
            -96.654793,
            32.315171
          ],
          [
            -96.654673,
            32.315057
          ],
          [
            -96.654507,
            32.314987
          ],
          [
            -96.654391,
            32.314892
          ],
          [
            -96.654319,
            32.314786
          ],
          [
            -96.654315,
            32.314602
          ],
          [
            -96.654281,
            32.314255
          ],
          [
            -96.654161,
            32.313845
          ],
          [
            -96.65399,
            32.313212
          ],
          [
            -96.654087,
            32.313187
          ],
          [
            -96.654043,
            32.312382
          ],
          [
            -96.653998,
            32.311572
          ],
          [
            -96.653994,
            32.311544
          ],
          [
            -96.65396,
            32.311538
          ],
          [
            -96.653854,
            32.311544
          ],
          [
            -96.653827,
            32.311558
          ],
          [
            -96.653821,
            32.311585
          ],
          [
            -96.653875,
            32.312575
          ],
          [
            -96.653897,
            32.312995
          ],
          [
            -96.653908,
            32.313195
          ],
          [
            -96.65399,
            32.313212
          ],
          [
            -96.654161,
            32.313845
          ],
          [
            -96.654281,
            32.314255
          ],
          [
            -96.654315,
            32.314602
          ],
          [
            -96.654319,
            32.314786
          ],
          [
            -96.654391,
            32.314892
          ],
          [
            -96.654507,
            32.314987
          ],
          [
            -96.654673,
            32.315057
          ],
          [
            -96.654793,
            32.315171
          ],
          [
            -96.654981,
            32.315451
          ],
          [
            -96.655049,
            32.315582
          ],
          [
            -96.655038,
            32.315761
          ],
          [
            -96.65462,
            32.315697
          ],
          [
            -96.654333,
            32.31561
          ],
          [
            -96.653895,
            32.315388
          ],
          [
            -96.65257,
            32.314584
          ],
          [
            -96.652321,
            32.314408
          ],
          [
            -96.65123,
            32.313661
          ],
          [
            -96.651173,
            32.313622
          ],
          [
            -96.650502,
            32.313126
          ],
          [
            -96.649982,
            32.312745
          ],
          [
            -96.649051,
            32.312047
          ],
          [
            -96.648629,
            32.311711
          ],
          [
            -96.6485,
            32.311614
          ],
          [
            -96.647973,
            32.31114
          ],
          [
            -96.647193,
            32.310366
          ],
          [
            -96.646948,
            32.310103
          ],
          [
            -96.646576,
            32.309675
          ],
          [
            -96.646073,
            32.309057
          ],
          [
            -96.645415,
            32.308224
          ],
          [
            -96.644502,
            32.307098
          ],
          [
            -96.64387,
            32.306301
          ],
          [
            -96.643339,
            32.305611
          ],
          [
            -96.642665,
            32.304733
          ],
          [
            -96.642287,
            32.304176
          ],
          [
            -96.641737,
            32.303269
          ],
          [
            -96.64138,
            32.30268
          ],
          [
            -96.640946,
            32.30199
          ],
          [
            -96.640557,
            32.30131
          ],
          [
            -96.640104,
            32.300709
          ],
          [
            -96.639986,
            32.300558
          ],
          [
            -96.639909,
            32.300379
          ],
          [
            -96.639905,
            32.300287
          ],
          [
            -96.639918,
            32.300196
          ],
          [
            -96.639975,
            32.300017
          ],
          [
            -96.640967,
            32.299456
          ],
          [
            -96.641118,
            32.299371
          ],
          [
            -96.642595,
            32.298567
          ],
          [
            -96.642444,
            32.298342
          ],
          [
            -96.641876,
            32.297518
          ],
          [
            -96.641626,
            32.297159
          ],
          [
            -96.641573,
            32.297078
          ],
          [
            -96.641388,
            32.296797
          ],
          [
            -96.640847,
            32.295993
          ],
          [
            -96.640535,
            32.295529
          ],
          [
            -96.640445,
            32.295395
          ],
          [
            -96.640103,
            32.294889
          ],
          [
            -96.639714,
            32.294309
          ],
          [
            -96.639475,
            32.293954
          ],
          [
            -96.639429,
            32.293886
          ],
          [
            -96.639383,
            32.293816
          ],
          [
            -96.638728,
            32.292838
          ],
          [
            -96.638492,
            32.292485
          ],
          [
            -96.638201,
            32.292049
          ],
          [
            -96.63771,
            32.291311
          ],
          [
            -96.637159,
            32.290489
          ],
          [
            -96.637106,
            32.290362
          ],
          [
            -96.637106,
            32.290315
          ],
          [
            -96.637116,
            32.290287
          ],
          [
            -96.636958,
            32.290069
          ],
          [
            -96.636855,
            32.289934
          ],
          [
            -96.636702,
            32.289742
          ],
          [
            -96.636695,
            32.289708
          ],
          [
            -96.636777,
            32.28961
          ],
          [
            -96.636695,
            32.289708
          ],
          [
            -96.636702,
            32.289742
          ],
          [
            -96.636855,
            32.289934
          ],
          [
            -96.636958,
            32.290069
          ],
          [
            -96.637116,
            32.290287
          ],
          [
            -96.637106,
            32.290315
          ],
          [
            -96.637106,
            32.290362
          ],
          [
            -96.637159,
            32.290489
          ],
          [
            -96.63771,
            32.291311
          ],
          [
            -96.638492,
            32.292485
          ],
          [
            -96.638728,
            32.292838
          ],
          [
            -96.639383,
            32.293816
          ],
          [
            -96.639429,
            32.293886
          ],
          [
            -96.639475,
            32.293954
          ],
          [
            -96.639714,
            32.294309
          ],
          [
            -96.640103,
            32.294889
          ],
          [
            -96.640445,
            32.295395
          ],
          [
            -96.640535,
            32.295529
          ],
          [
            -96.640847,
            32.295993
          ],
          [
            -96.641388,
            32.296797
          ],
          [
            -96.641573,
            32.297078
          ],
          [
            -96.641626,
            32.297159
          ],
          [
            -96.641876,
            32.297518
          ],
          [
            -96.642444,
            32.298342
          ],
          [
            -96.642595,
            32.298567
          ],
          [
            -96.642941,
            32.298387
          ],
          [
            -96.643625,
            32.298032
          ],
          [
            -96.64403,
            32.297815
          ],
          [
            -96.644188,
            32.29773
          ],
          [
            -96.6447,
            32.297455
          ],
          [
            -96.645266,
            32.297152
          ],
          [
            -96.645873,
            32.296796
          ],
          [
            -96.646273,
            32.296518
          ],
          [
            -96.646652,
            32.296241
          ],
          [
            -96.646821,
            32.296106
          ],
          [
            -96.647027,
            32.295933
          ],
          [
            -96.64707,
            32.295894
          ],
          [
            -96.647459,
            32.295524
          ],
          [
            -96.647584,
            32.295406
          ],
          [
            -96.648042,
            32.294853
          ],
          [
            -96.648943,
            32.293721
          ],
          [
            -96.649289,
            32.293307
          ],
          [
            -96.649603,
            32.292955
          ],
          [
            -96.649618,
            32.292938
          ],
          [
            -96.649883,
            32.29266
          ],
          [
            -96.650158,
            32.292385
          ],
          [
            -96.650263,
            32.292534
          ],
          [
            -96.650532,
            32.292941
          ],
          [
            -96.651075,
            32.293748
          ],
          [
            -96.65118,
            32.293939
          ],
          [
            -96.651217,
            32.294006
          ],
          [
            -96.6516,
            32.294595
          ],
          [
            -96.651965,
            32.295157
          ],
          [
            -96.65214,
            32.295426
          ],
          [
            -96.652268,
            32.295625
          ],
          [
            -96.652383,
            32.295802
          ],
          [
            -96.652394,
            32.295819
          ],
          [
            -96.652645,
            32.296206
          ],
          [
            -96.652671,
            32.296242
          ],
          [
            -96.652977,
            32.29667
          ],
          [
            -96.653169,
            32.296939
          ],
          [
            -96.653279,
            32.297093
          ],
          [
            -96.653384,
            32.29724
          ],
          [
            -96.653653,
            32.297643
          ],
          [
            -96.653727,
            32.297749
          ],
          [
            -96.653926,
            32.298035
          ],
          [
            -96.654,
            32.298142
          ],
          [
            -96.654256,
            32.298515
          ],
          [
            -96.654286,
            32.298558
          ],
          [
            -96.654464,
            32.298818
          ],
          [
            -96.65507,
            32.299674
          ],
          [
            -96.655486,
            32.300261
          ],
          [
            -96.655558,
            32.300362
          ],
          [
            -96.656385,
            32.301522
          ],
          [
            -96.656425,
            32.301578
          ],
          [
            -96.656501,
            32.301683
          ],
          [
            -96.657199,
            32.302643
          ],
          [
            -96.65727,
            32.30274
          ],
          [
            -96.657466,
            32.303046
          ],
          [
            -96.658311,
            32.304439
          ],
          [
            -96.659651,
            32.306354
          ],
          [
            -96.661124,
            32.308542
          ],
          [
            -96.661364,
            32.308908
          ],
          [
            -96.661907,
            32.309724
          ],
          [
            -96.662333,
            32.310352
          ],
          [
            -96.662766,
            32.311033
          ],
          [
            -96.662333,
            32.310352
          ],
          [
            -96.661907,
            32.309724
          ],
          [
            -96.661364,
            32.308908
          ],
          [
            -96.661124,
            32.308542
          ],
          [
            -96.659651,
            32.306354
          ],
          [
            -96.658311,
            32.304439
          ],
          [
            -96.657466,
            32.303046
          ],
          [
            -96.65727,
            32.30274
          ],
          [
            -96.657199,
            32.302643
          ],
          [
            -96.656425,
            32.301578
          ],
          [
            -96.656385,
            32.301522
          ],
          [
            -96.655558,
            32.300362
          ],
          [
            -96.655486,
            32.300261
          ],
          [
            -96.65507,
            32.299674
          ],
          [
            -96.654464,
            32.298818
          ],
          [
            -96.654286,
            32.298558
          ],
          [
            -96.654256,
            32.298515
          ],
          [
            -96.654,
            32.298142
          ],
          [
            -96.653926,
            32.298035
          ],
          [
            -96.653727,
            32.297749
          ],
          [
            -96.653653,
            32.297643
          ],
          [
            -96.653384,
            32.29724
          ],
          [
            -96.653279,
            32.297093
          ],
          [
            -96.653169,
            32.296939
          ],
          [
            -96.652977,
            32.29667
          ],
          [
            -96.652671,
            32.296242
          ],
          [
            -96.652645,
            32.296206
          ],
          [
            -96.652394,
            32.295819
          ],
          [
            -96.652383,
            32.295802
          ],
          [
            -96.652268,
            32.295625
          ],
          [
            -96.65214,
            32.295426
          ],
          [
            -96.651965,
            32.295157
          ],
          [
            -96.6516,
            32.294595
          ],
          [
            -96.651217,
            32.294006
          ],
          [
            -96.65118,
            32.293939
          ],
          [
            -96.651075,
            32.293748
          ],
          [
            -96.650532,
            32.292941
          ],
          [
            -96.650263,
            32.292534
          ],
          [
            -96.650158,
            32.292385
          ],
          [
            -96.649883,
            32.29266
          ],
          [
            -96.649618,
            32.292938
          ],
          [
            -96.649603,
            32.292955
          ],
          [
            -96.649289,
            32.293307
          ],
          [
            -96.648943,
            32.293721
          ],
          [
            -96.648042,
            32.294853
          ],
          [
            -96.647584,
            32.295406
          ],
          [
            -96.647459,
            32.295524
          ],
          [
            -96.64707,
            32.295894
          ],
          [
            -96.647027,
            32.295933
          ],
          [
            -96.646821,
            32.296106
          ],
          [
            -96.646652,
            32.296241
          ],
          [
            -96.646273,
            32.296518
          ],
          [
            -96.645873,
            32.296796
          ],
          [
            -96.645266,
            32.297152
          ],
          [
            -96.6447,
            32.297455
          ],
          [
            -96.644188,
            32.29773
          ],
          [
            -96.64403,
            32.297815
          ],
          [
            -96.643625,
            32.298032
          ],
          [
            -96.642941,
            32.298387
          ],
          [
            -96.642595,
            32.298567
          ],
          [
            -96.641118,
            32.299371
          ],
          [
            -96.640967,
            32.299456
          ],
          [
            -96.639975,
            32.300017
          ],
          [
            -96.639808,
            32.300039
          ],
          [
            -96.63964,
            32.300043
          ],
          [
            -96.639505,
            32.299973
          ],
          [
            -96.639131,
            32.299504
          ],
          [
            -96.638567,
            32.299041
          ],
          [
            -96.638092,
            32.298603
          ],
          [
            -96.636678,
            32.297349
          ],
          [
            -96.634989,
            32.295939
          ],
          [
            -96.634808,
            32.295817
          ],
          [
            -96.634728,
            32.295761
          ],
          [
            -96.634564,
            32.295633
          ],
          [
            -96.634283,
            32.295381
          ],
          [
            -96.633714,
            32.294942
          ],
          [
            -96.633296,
            32.294629
          ],
          [
            -96.63273,
            32.294243
          ],
          [
            -96.632505,
            32.294094
          ],
          [
            -96.631748,
            32.293595
          ],
          [
            -96.630681,
            32.292969
          ],
          [
            -96.629922,
            32.292543
          ],
          [
            -96.628736,
            32.291947
          ],
          [
            -96.62837,
            32.291764
          ],
          [
            -96.628229,
            32.291642
          ],
          [
            -96.627575,
            32.291291
          ],
          [
            -96.627083,
            32.291059
          ],
          [
            -96.626443,
            32.290774
          ],
          [
            -96.625346,
            32.29028
          ],
          [
            -96.624874,
            32.290096
          ],
          [
            -96.624136,
            32.289722
          ],
          [
            -96.62339,
            32.28943
          ],
          [
            -96.622491,
            32.289209
          ],
          [
            -96.622289,
            32.28924
          ],
          [
            -96.622171,
            32.289309
          ],
          [
            -96.622094,
            32.289389
          ],
          [
            -96.621917,
            32.289979
          ],
          [
            -96.621926,
            32.290083
          ],
          [
            -96.621971,
            32.290144
          ],
          [
            -96.622055,
            32.290238
          ],
          [
            -96.624419,
            32.290763
          ],
          [
            -96.625584,
            32.291105
          ],
          [
            -96.627505,
            32.291903
          ],
          [
            -96.627558,
            32.291925
          ],
          [
            -96.628368,
            32.292267
          ],
          [
            -96.629076,
            32.292617
          ],
          [
            -96.630131,
            32.293209
          ],
          [
            -96.630806,
            32.293594
          ],
          [
            -96.631337,
            32.293972
          ],
          [
            -96.632982,
            32.295241
          ],
          [
            -96.634611,
            32.296553
          ],
          [
            -96.635412,
            32.297288
          ],
          [
            -96.635952,
            32.297851
          ],
          [
            -96.637287,
            32.299462
          ],
          [
            -96.638138,
            32.3006
          ],
          [
            -96.638202,
            32.300785
          ],
          [
            -96.63819,
            32.300927
          ],
          [
            -96.638147,
            32.301011
          ],
          [
            -96.638081,
            32.301104
          ],
          [
            -96.637814,
            32.301255
          ],
          [
            -96.637735,
            32.3013
          ],
          [
            -96.637657,
            32.301344
          ],
          [
            -96.637527,
            32.301417
          ],
          [
            -96.637057,
            32.301682
          ],
          [
            -96.636899,
            32.30177
          ],
          [
            -96.635767,
            32.302401
          ],
          [
            -96.635547,
            32.302512
          ],
          [
            -96.635317,
            32.302627
          ],
          [
            -96.634424,
            32.303081
          ],
          [
            -96.634245,
            32.303174
          ],
          [
            -96.633396,
            32.303611
          ],
          [
            -96.632479,
            32.304083
          ],
          [
            -96.632394,
            32.304127
          ],
          [
            -96.631661,
            32.304477
          ],
          [
            -96.631566,
            32.304528
          ],
          [
            -96.631474,
            32.304577
          ],
          [
            -96.630913,
            32.304876
          ],
          [
            -96.630546,
            32.305093
          ],
          [
            -96.630055,
            32.305413
          ],
          [
            -96.629983,
            32.305459
          ],
          [
            -96.628647,
            32.306386
          ],
          [
            -96.628057,
            32.306801
          ],
          [
            -96.627774,
            32.307029
          ],
          [
            -96.627714,
            32.307077
          ],
          [
            -96.627589,
            32.307195
          ],
          [
            -96.627485,
            32.307282
          ],
          [
            -96.627374,
            32.307375
          ],
          [
            -96.627187,
            32.307547
          ],
          [
            -96.627038,
            32.307684
          ],
          [
            -96.627005,
            32.307716
          ],
          [
            -96.626584,
            32.308238
          ],
          [
            -96.626384,
            32.30852
          ],
          [
            -96.626217,
            32.308754
          ],
          [
            -96.62604,
            32.309032
          ],
          [
            -96.625863,
            32.309311
          ],
          [
            -96.625829,
            32.309377
          ],
          [
            -96.625741,
            32.309544
          ],
          [
            -96.625694,
            32.309623
          ],
          [
            -96.625615,
            32.309796
          ],
          [
            -96.625561,
            32.309913
          ],
          [
            -96.625551,
            32.309935
          ],
          [
            -96.62545,
            32.31014
          ],
          [
            -96.625163,
            32.310729
          ],
          [
            -96.62514,
            32.310783
          ],
          [
            -96.625,
            32.311103
          ],
          [
            -96.624991,
            32.311122
          ],
          [
            -96.624852,
            32.311408
          ],
          [
            -96.624615,
            32.311928
          ],
          [
            -96.624445,
            32.3123
          ],
          [
            -96.624381,
            32.312441
          ],
          [
            -96.624338,
            32.312531
          ],
          [
            -96.623928,
            32.313393
          ],
          [
            -96.623818,
            32.313623
          ],
          [
            -96.623601,
            32.314095
          ],
          [
            -96.623376,
            32.314584
          ],
          [
            -96.623071,
            32.315224
          ],
          [
            -96.622495,
            32.316442
          ],
          [
            -96.622035,
            32.317388
          ],
          [
            -96.621805,
            32.317811
          ],
          [
            -96.621708,
            32.317967
          ],
          [
            -96.621683,
            32.317997
          ],
          [
            -96.621614,
            32.318078
          ],
          [
            -96.621399,
            32.318309
          ],
          [
            -96.621161,
            32.31852
          ],
          [
            -96.62087,
            32.318742
          ],
          [
            -96.620593,
            32.318914
          ],
          [
            -96.620801,
            32.319204
          ],
          [
            -96.62114,
            32.319702
          ],
          [
            -96.621522,
            32.320102
          ],
          [
            -96.621813,
            32.320363
          ],
          [
            -96.621921,
            32.320482
          ],
          [
            -96.622163,
            32.320794
          ],
          [
            -96.622615,
            32.321388
          ],
          [
            -96.623261,
            32.322315
          ],
          [
            -96.62379,
            32.323083
          ],
          [
            -96.624366,
            32.32392
          ],
          [
            -96.624906,
            32.324707
          ],
          [
            -96.625427,
            32.325471
          ],
          [
            -96.625683,
            32.325826
          ],
          [
            -96.625972,
            32.326226
          ],
          [
            -96.626018,
            32.326271
          ],
          [
            -96.626627,
            32.327007
          ],
          [
            -96.627185,
            32.32781
          ],
          [
            -96.626751,
            32.328018
          ],
          [
            -96.626439,
            32.328175
          ],
          [
            -96.625933,
            32.328426
          ],
          [
            -96.625365,
            32.328708
          ],
          [
            -96.625611,
            32.329078
          ],
          [
            -96.625695,
            32.329214
          ]
        ],
        "type": "LineString"
      },
      "properties": {
        "loop": "west",
        "name": "West Bluebonnet Trail",
        "color": "#2E7D32",
        "distanceMiles": 17.1,
        "approximate": true,
        "note": "Roads sourced from the official 2018 Ennis Bluebonnet Trails & Festival map (Ennis Garden Club, mirrored via travellatte.net; bluebonnettrail.org/trailmap and visitennistexas.com had no turn-by-turn text). Waypoint order along the West Trail (green on the source map) was interpreted from the map graphic \u2014 FM 1722, Baldridge St/Kachina Prairie, Bluebonnet Park, Lakeview Dr near Lake Bardwell, and the Meadow View Nature Area vicinity \u2014 then connected with real roads via OSRM. Exact turn sequence may not perfectly match the current official trail; confirm with a current-year map at the Welcome Center."
      }
    },
    {
      "type": "Feature",
      "geometry": {
        "coordinates": [
          [
            -96.625695,
            32.329214
          ],
          [
            -96.625611,
            32.329078
          ],
          [
            -96.625365,
            32.328708
          ],
          [
            -96.625933,
            32.328426
          ],
          [
            -96.626439,
            32.328175
          ],
          [
            -96.626751,
            32.328018
          ],
          [
            -96.627185,
            32.32781
          ],
          [
            -96.628129,
            32.327335
          ],
          [
            -96.629062,
            32.32686
          ],
          [
            -96.629405,
            32.326691
          ],
          [
            -96.629559,
            32.326615
          ],
          [
            -96.629768,
            32.326512
          ],
          [
            -96.629955,
            32.32642
          ],
          [
            -96.630219,
            32.326804
          ],
          [
            -96.630505,
            32.327222
          ],
          [
            -96.630782,
            32.327625
          ],
          [
            -96.630864,
            32.327746
          ],
          [
            -96.630947,
            32.327872
          ],
          [
            -96.631051,
            32.328018
          ],
          [
            -96.631594,
            32.328809
          ],
          [
            -96.632127,
            32.329587
          ],
          [
            -96.632672,
            32.330382
          ],
          [
            -96.633735,
            32.331931
          ],
          [
            -96.634825,
            32.333521
          ],
          [
            -96.635726,
            32.333081
          ],
          [
            -96.636237,
            32.332831
          ],
          [
            -96.636969,
            32.332473
          ],
          [
            -96.638185,
            32.331878
          ],
          [
            -96.638902,
            32.331529
          ],
          [
            -96.639046,
            32.331458
          ],
          [
            -96.639227,
            32.331391
          ],
          [
            -96.639522,
            32.331238
          ],
          [
            -96.639733,
            32.331142
          ],
          [
            -96.639993,
            32.331015
          ],
          [
            -96.640174,
            32.330935
          ],
          [
            -96.640263,
            32.330895
          ],
          [
            -96.640478,
            32.330825
          ],
          [
            -96.640684,
            32.330784
          ],
          [
            -96.640941,
            32.330771
          ],
          [
            -96.641163,
            32.330759
          ],
          [
            -96.641232,
            32.330759
          ],
          [
            -96.641421,
            32.330759
          ],
          [
            -96.641819,
            32.330747
          ],
          [
            -96.642284,
            32.330734
          ],
          [
            -96.642342,
            32.33073
          ],
          [
            -96.643054,
            32.330686
          ],
          [
            -96.64447,
            32.330665
          ],
          [
            -96.644776,
            32.330661
          ],
          [
            -96.644983,
            32.330632
          ],
          [
            -96.645072,
            32.33061
          ],
          [
            -96.645372,
            32.330534
          ],
          [
            -96.645429,
            32.330519
          ],
          [
            -96.645579,
            32.330447
          ],
          [
            -96.646542,
            32.33
          ],
          [
            -96.647141,
            32.329672
          ],
          [
            -96.647284,
            32.329672
          ],
          [
            -96.647387,
            32.329686
          ],
          [
            -96.647459,
            32.329698
          ],
          [
            -96.647558,
            32.329726
          ],
          [
            -96.64779,
            32.330066
          ],
          [
            -96.648174,
            32.330654
          ],
          [
            -96.648236,
            32.330739
          ],
          [
            -96.648283,
            32.330821
          ],
          [
            -96.648893,
            32.33176
          ],
          [
            -96.649203,
            32.332228
          ],
          [
            -96.649281,
            32.332344
          ],
          [
            -96.649313,
            32.332393
          ],
          [
            -96.649399,
            32.332515
          ],
          [
            -96.64962,
            32.332825
          ],
          [
            -96.649796,
            32.333098
          ],
          [
            -96.650066,
            32.333504
          ],
          [
            -96.650283,
            32.333832
          ],
          [
            -96.650369,
            32.333956
          ],
          [
            -96.650375,
            32.333963
          ],
          [
            -96.650536,
            32.334156
          ],
          [
            -96.650818,
            32.334446
          ],
          [
            -96.651139,
            32.334701
          ],
          [
            -96.651309,
            32.334795
          ],
          [
            -96.651402,
            32.334847
          ],
          [
            -96.651455,
            32.334871
          ],
          [
            -96.651736,
            32.334999
          ],
          [
            -96.651866,
            32.335043
          ],
          [
            -96.651988,
            32.335085
          ],
          [
            -96.652298,
            32.335191
          ],
          [
            -96.652512,
            32.335257
          ],
          [
            -96.652626,
            32.335295
          ],
          [
            -96.652967,
            32.335369
          ],
          [
            -96.653146,
            32.335426
          ],
          [
            -96.653602,
            32.335571
          ],
          [
            -96.653888,
            32.335662
          ],
          [
            -96.65415,
            32.335746
          ],
          [
            -96.654669,
            32.335911
          ],
          [
            -96.655005,
            32.336017
          ],
          [
            -96.655784,
            32.336264
          ],
          [
            -96.65605,
            32.336354
          ],
          [
            -96.656105,
            32.336374
          ],
          [
            -96.656241,
            32.336427
          ],
          [
            -96.656706,
            32.336582
          ],
          [
            -96.657027,
            32.336708
          ],
          [
            -96.657334,
            32.3368
          ],
          [
            -96.657689,
            32.336898
          ],
          [
            -96.657875,
            32.336928
          ],
          [
            -96.658141,
            32.336956
          ],
          [
            -96.658385,
            32.33696
          ],
          [
            -96.658799,
            32.336933
          ],
          [
            -96.659135,
            32.336911
          ],
          [
            -96.659246,
            32.336904
          ],
          [
            -96.659639,
            32.336879
          ],
          [
            -96.659756,
            32.336871
          ],
          [
            -96.660133,
            32.336847
          ],
          [
            -96.660895,
            32.336798
          ],
          [
            -96.661215,
            32.33677
          ],
          [
            -96.661529,
            32.336757
          ],
          [
            -96.661698,
            32.336747
          ],
          [
            -96.661946,
            32.336732
          ],
          [
            -96.662232,
            32.336714
          ],
          [
            -96.662616,
            32.336686
          ],
          [
            -96.663175,
            32.336655
          ],
          [
            -96.663275,
            32.33665
          ],
          [
            -96.663694,
            32.336612
          ],
          [
            -96.664283,
            32.336584
          ],
          [
            -96.66463,
            32.33656
          ],
          [
            -96.665196,
            32.336522
          ],
          [
            -96.666674,
            32.33642
          ],
          [
            -96.666903,
            32.336418
          ],
          [
            -96.667028,
            32.336437
          ],
          [
            -96.66709,
            32.336457
          ],
          [
            -96.667141,
            32.336478
          ],
          [
            -96.667195,
            32.336519
          ],
          [
            -96.667333,
            32.336678
          ],
          [
            -96.667409,
            32.33679
          ],
          [
            -96.667596,
            32.337144
          ],
          [
            -96.668005,
            32.337833
          ],
          [
            -96.668352,
            32.338393
          ],
          [
            -96.669193,
            32.339751
          ],
          [
            -96.669437,
            32.340122
          ],
          [
            -96.669575,
            32.340332
          ],
          [
            -96.669659,
            32.340475
          ],
          [
            -96.670189,
            32.341376
          ],
          [
            -96.670561,
            32.341962
          ],
          [
            -96.670578,
            32.341989
          ],
          [
            -96.670837,
            32.342382
          ],
          [
            -96.671586,
            32.343494
          ],
          [
            -96.672168,
            32.344386
          ],
          [
            -96.672328,
            32.344597
          ],
          [
            -96.672675,
            32.345104
          ],
          [
            -96.673579,
            32.346379
          ],
          [
            -96.673693,
            32.346582
          ],
          [
            -96.673801,
            32.346726
          ],
          [
            -96.67401,
            32.347041
          ],
          [
            -96.674096,
            32.347167
          ],
          [
            -96.67418,
            32.347294
          ],
          [
            -96.674328,
            32.347514
          ],
          [
            -96.674892,
            32.348364
          ],
          [
            -96.675428,
            32.349172
          ],
          [
            -96.675674,
            32.349573
          ],
          [
            -96.675897,
            32.349885
          ],
          [
            -96.676329,
            32.350568
          ],
          [
            -96.676622,
            32.35101
          ],
          [
            -96.676963,
            32.351534
          ],
          [
            -96.677167,
            32.351836
          ],
          [
            -96.677358,
            32.352081
          ],
          [
            -96.677583,
            32.352346
          ],
          [
            -96.677781,
            32.352565
          ],
          [
            -96.678052,
            32.352854
          ],
          [
            -96.678682,
            32.353523
          ],
          [
            -96.678869,
            32.353713
          ],
          [
            -96.679283,
            32.354155
          ],
          [
            -96.680183,
            32.355108
          ],
          [
            -96.680816,
            32.355831
          ],
          [
            -96.680857,
            32.355887
          ],
          [
            -96.681093,
            32.356209
          ],
          [
            -96.681125,
            32.356256
          ],
          [
            -96.681189,
            32.356347
          ],
          [
            -96.681423,
            32.356693
          ],
          [
            -96.681619,
            32.356981
          ],
          [
            -96.681687,
            32.357087
          ],
          [
            -96.6818,
            32.35725
          ],
          [
            -96.681983,
            32.357521
          ],
          [
            -96.682193,
            32.357831
          ],
          [
            -96.682637,
            32.358489
          ],
          [
            -96.682748,
            32.358653
          ],
          [
            -96.683262,
            32.359381
          ],
          [
            -96.683336,
            32.359503
          ],
          [
            -96.683388,
            32.359572
          ],
          [
            -96.683429,
            32.359637
          ],
          [
            -96.683555,
            32.359835
          ],
          [
            -96.683773,
            32.3602
          ],
          [
            -96.684025,
            32.36056
          ],
          [
            -96.684196,
            32.360819
          ],
          [
            -96.68445,
            32.361294
          ],
          [
            -96.684465,
            32.361333
          ],
          [
            -96.684531,
            32.361511
          ],
          [
            -96.684544,
            32.361558
          ],
          [
            -96.684591,
            32.361727
          ],
          [
            -96.684611,
            32.361856
          ],
          [
            -96.684654,
            32.36207
          ],
          [
            -96.68468,
            32.362344
          ],
          [
            -96.684687,
            32.362423
          ],
          [
            -96.684746,
            32.362764
          ],
          [
            -96.684791,
            32.36294
          ],
          [
            -96.684954,
            32.363297
          ],
          [
            -96.6851,
            32.363577
          ],
          [
            -96.685165,
            32.363676
          ],
          [
            -96.685804,
            32.364638
          ],
          [
            -96.686264,
            32.365294
          ],
          [
            -96.686424,
            32.365547
          ],
          [
            -96.686471,
            32.365621
          ],
          [
            -96.686834,
            32.366199
          ],
          [
            -96.686993,
            32.366425
          ],
          [
            -96.687214,
            32.366739
          ],
          [
            -96.687701,
            32.367431
          ],
          [
            -96.687746,
            32.36748
          ],
          [
            -96.688128,
            32.367891
          ],
          [
            -96.688239,
            32.367974
          ],
          [
            -96.688272,
            32.367999
          ],
          [
            -96.688474,
            32.368149
          ],
          [
            -96.688851,
            32.36837
          ],
          [
            -96.689583,
            32.368744
          ],
          [
            -96.690223,
            32.369079
          ],
          [
            -96.69037,
            32.369169
          ],
          [
            -96.690504,
            32.369249
          ],
          [
            -96.690667,
            32.369391
          ],
          [
            -96.690896,
            32.369653
          ],
          [
            -96.690954,
            32.369725
          ],
          [
            -96.691015,
            32.369827
          ],
          [
            -96.691064,
            32.369932
          ],
          [
            -96.691117,
            32.370095
          ],
          [
            -96.691155,
            32.370277
          ],
          [
            -96.69117,
            32.370416
          ],
          [
            -96.691195,
            32.37053
          ],
          [
            -96.69121,
            32.370617
          ],
          [
            -96.691211,
            32.370621
          ],
          [
            -96.691217,
            32.370661
          ],
          [
            -96.69136,
            32.3715
          ],
          [
            -96.691368,
            32.371551
          ],
          [
            -96.69137,
            32.371559
          ],
          [
            -96.691377,
            32.371602
          ],
          [
            -96.691415,
            32.371769
          ],
          [
            -96.691567,
            32.372651
          ],
          [
            -96.691593,
            32.372802
          ],
          [
            -96.691829,
            32.374195
          ],
          [
            -96.691861,
            32.374465
          ],
          [
            -96.691891,
            32.374691
          ],
          [
            -96.691949,
            32.375008
          ],
          [
            -96.691985,
            32.375182
          ],
          [
            -96.692131,
            32.375999
          ],
          [
            -96.691921,
            32.375993
          ],
          [
            -96.69145,
            32.37599
          ],
          [
            -96.690941,
            32.375985
          ],
          [
            -96.690432,
            32.375982
          ],
          [
            -96.689788,
            32.37598
          ],
          [
            -96.689405,
            32.375978
          ],
          [
            -96.689144,
            32.375976
          ],
          [
            -96.688476,
            32.375978
          ],
          [
            -96.687917,
            32.375979
          ],
          [
            -96.687876,
            32.37598
          ],
          [
            -96.6875,
            32.375988
          ],
          [
            -96.685711,
            32.375994
          ],
          [
            -96.68562,
            32.375996
          ],
          [
            -96.68555,
            32.375997
          ],
          [
            -96.685396,
            32.375995
          ],
          [
            -96.685328,
            32.375991
          ],
          [
            -96.685259,
            32.375996
          ],
          [
            -96.684766,
            32.375991
          ],
          [
            -96.68432,
            32.375991
          ],
          [
            -96.684009,
            32.375991
          ],
          [
            -96.683885,
            32.375993
          ],
          [
            -96.68351,
            32.375997
          ],
          [
            -96.683066,
            32.375995
          ],
          [
            -96.682342,
            32.375987
          ],
          [
            -96.681106,
            32.375985
          ],
          [
            -96.680368,
            32.375985
          ],
          [
            -96.679801,
            32.375984
          ],
          [
            -96.679219,
            32.375984
          ],
          [
            -96.678675,
            32.375983
          ],
          [
            -96.678013,
            32.375982
          ],
          [
            -96.67779,
            32.375982
          ],
          [
            -96.677114,
            32.375975
          ],
          [
            -96.676143,
            32.375964
          ],
          [
            -96.675762,
            32.375964
          ],
          [
            -96.67527,
            32.375964
          ],
          [
            -96.674803,
            32.375964
          ],
          [
            -96.673177,
            32.375964
          ],
          [
            -96.67283,
            32.375964
          ],
          [
            -96.672157,
            32.375964
          ],
          [
            -96.671847,
            32.375964
          ],
          [
            -96.671554,
            32.375964
          ],
          [
            -96.671224,
            32.375964
          ],
          [
            -96.6708,
            32.375959
          ],
          [
            -96.670515,
            32.375956
          ],
          [
            -96.670084,
            32.375973
          ],
          [
            -96.669846,
            32.375972
          ],
          [
            -96.669653,
            32.375975
          ],
          [
            -96.669296,
            32.375977
          ],
          [
            -96.666385,
            32.375966
          ],
          [
            -96.666253,
            32.375966
          ],
          [
            -96.66584,
            32.375963
          ],
          [
            -96.66531,
            32.37596
          ],
          [
            -96.664839,
            32.375953
          ],
          [
            -96.664386,
            32.375954
          ],
          [
            -96.66354,
            32.375951
          ],
          [
            -96.662569,
            32.375944
          ],
          [
            -96.662373,
            32.375943
          ],
          [
            -96.661775,
            32.375944
          ],
          [
            -96.661536,
            32.375942
          ],
          [
            -96.661404,
            32.375933
          ],
          [
            -96.661264,
            32.375919
          ],
          [
            -96.661137,
            32.375897
          ],
          [
            -96.660995,
            32.375854
          ],
          [
            -96.660879,
            32.375806
          ],
          [
            -96.660774,
            32.375747
          ],
          [
            -96.660688,
            32.375688
          ],
          [
            -96.660612,
            32.375622
          ],
          [
            -96.66054,
            32.375537
          ],
          [
            -96.660478,
            32.375454
          ],
          [
            -96.660419,
            32.375356
          ],
          [
            -96.660323,
            32.375169
          ],
          [
            -96.660253,
            32.375013
          ],
          [
            -96.659799,
            32.374011
          ],
          [
            -96.659682,
            32.37375
          ],
          [
            -96.659434,
            32.37319
          ],
          [
            -96.658937,
            32.372128
          ],
          [
            -96.658856,
            32.371959
          ],
          [
            -96.658622,
            32.37146
          ],
          [
            -96.658161,
            32.370405
          ],
          [
            -96.657343,
            32.368609
          ],
          [
            -96.657172,
            32.368264
          ],
          [
            -96.657032,
            32.368018
          ],
          [
            -96.656883,
            32.367773
          ],
          [
            -96.656546,
            32.367265
          ],
          [
            -96.655486,
            32.365712
          ],
          [
            -96.655432,
            32.365651
          ],
          [
            -96.655377,
            32.36561
          ],
          [
            -96.65532,
            32.365583
          ],
          [
            -96.655261,
            32.365561
          ],
          [
            -96.655196,
            32.365552
          ],
          [
            -96.655142,
            32.365558
          ],
          [
            -96.655081,
            32.365568
          ],
          [
            -96.655003,
            32.365599
          ],
          [
            -96.654928,
            32.365637
          ],
          [
            -96.654778,
            32.365733
          ],
          [
            -96.654506,
            32.365933
          ],
          [
            -96.653219,
            32.366952
          ],
          [
            -96.650973,
            32.368808
          ],
          [
            -96.650694,
            32.369051
          ],
          [
            -96.650483,
            32.369239
          ],
          [
            -96.650173,
            32.36954
          ],
          [
            -96.648055,
            32.37171
          ],
          [
            -96.647822,
            32.371948
          ],
          [
            -96.647302,
            32.372478
          ],
          [
            -96.647184,
            32.372602
          ],
          [
            -96.646672,
            32.373111
          ],
          [
            -96.646051,
            32.373807
          ],
          [
            -96.645557,
            32.374266
          ],
          [
            -96.644689,
            32.375166
          ],
          [
            -96.644054,
            32.375755
          ],
          [
            -96.644146,
            32.375834
          ],
          [
            -96.644202,
            32.375861
          ],
          [
            -96.644264,
            32.375865
          ],
          [
            -96.644316,
            32.375862
          ],
          [
            -96.644363,
            32.375845
          ],
          [
            -96.644462,
            32.375777
          ],
          [
            -96.645002,
            32.375375
          ],
          [
            -96.64511,
            32.375295
          ],
          [
            -96.645788,
            32.376361
          ],
          [
            -96.646018,
            32.376586
          ],
          [
            -96.646143,
            32.376717
          ],
          [
            -96.646343,
            32.376987
          ],
          [
            -96.646781,
            32.377667
          ],
          [
            -96.646877,
            32.377871
          ],
          [
            -96.646967,
            32.378076
          ],
          [
            -96.647057,
            32.378284
          ],
          [
            -96.647141,
            32.378491
          ],
          [
            -96.647222,
            32.378702
          ],
          [
            -96.647301,
            32.378914
          ],
          [
            -96.647378,
            32.379127
          ],
          [
            -96.654403,
            32.399046
          ],
          [
            -96.654558,
            32.399469
          ],
          [
            -96.654724,
            32.399886
          ],
          [
            -96.654895,
            32.400302
          ],
          [
            -96.655073,
            32.40072
          ],
          [
            -96.655718,
            32.402169
          ],
          [
            -96.655894,
            32.402582
          ],
          [
            -96.656062,
            32.402997
          ],
          [
            -96.656226,
            32.403416
          ],
          [
            -96.65638,
            32.403837
          ],
          [
            -96.656792,
            32.404997
          ],
          [
            -96.656912,
            32.405338
          ],
          [
            -96.65783,
            32.407945
          ],
          [
            -96.658393,
            32.409538
          ],
          [
            -96.659191,
            32.411794
          ],
          [
            -96.659261,
            32.412006
          ],
          [
            -96.659327,
            32.412219
          ],
          [
            -96.659391,
            32.41244
          ],
          [
            -96.659448,
            32.412646
          ],
          [
            -96.659513,
            32.413477
          ],
          [
            -96.659528,
            32.413815
          ],
          [
            -96.659507,
            32.41412
          ],
          [
            -96.65945,
            32.414423
          ],
          [
            -96.659456,
            32.414631
          ],
          [
            -96.659469,
            32.414839
          ],
          [
            -96.65949,
            32.415423
          ],
          [
            -96.659507,
            32.415914
          ],
          [
            -96.659505,
            32.41649
          ],
          [
            -96.659504,
            32.416688
          ],
          [
            -96.659709,
            32.416694
          ],
          [
            -96.660385,
            32.416714
          ],
          [
            -96.660559,
            32.416719
          ],
          [
            -96.660974,
            32.416731
          ],
          [
            -96.661187,
            32.416746
          ],
          [
            -96.661499,
            32.417698
          ],
          [
            -96.661866,
            32.418762
          ],
          [
            -96.661876,
            32.418792
          ],
          [
            -96.662901,
            32.421563
          ],
          [
            -96.663856,
            32.424349
          ],
          [
            -96.66438,
            32.425784
          ],
          [
            -96.664412,
            32.425881
          ],
          [
            -96.664607,
            32.426476
          ],
          [
            -96.664678,
            32.426693
          ],
          [
            -96.66481,
            32.427089
          ],
          [
            -96.66498,
            32.427557
          ],
          [
            -96.665001,
            32.427612
          ],
          [
            -96.665238,
            32.428194
          ],
          [
            -96.665548,
            32.429083
          ],
          [
            -96.665848,
            32.429963
          ],
          [
            -96.666165,
            32.43087
          ],
          [
            -96.666514,
            32.431691
          ],
          [
            -96.664992,
            32.432058
          ],
          [
            -96.663874,
            32.432371
          ],
          [
            -96.662745,
            32.432636
          ],
          [
            -96.662284,
            32.432763
          ],
          [
            -96.662047,
            32.432816
          ],
          [
            -96.661658,
            32.43291
          ],
          [
            -96.660837,
            32.43312
          ],
          [
            -96.660187,
            32.433287
          ],
          [
            -96.659538,
            32.433453
          ],
          [
            -96.658767,
            32.43365
          ],
          [
            -96.658572,
            32.433695
          ],
          [
            -96.658235,
            32.433769
          ],
          [
            -96.658161,
            32.433785
          ],
          [
            -96.657524,
            32.433921
          ],
          [
            -96.657176,
            32.433996
          ],
          [
            -96.656693,
            32.43411
          ],
          [
            -96.65606,
            32.434298
          ],
          [
            -96.655244,
            32.434569
          ],
          [
            -96.655073,
            32.434626
          ],
          [
            -96.654694,
            32.434752
          ],
          [
            -96.653205,
            32.435286
          ],
          [
            -96.652498,
            32.435579
          ],
          [
            -96.651637,
            32.435936
          ],
          [
            -96.651238,
            32.436132
          ],
          [
            -96.650953,
            32.436288
          ],
          [
            -96.650468,
            32.436595
          ],
          [
            -96.649781,
            32.43713
          ],
          [
            -96.649586,
            32.437296
          ],
          [
            -96.649561,
            32.437317
          ],
          [
            -96.649437,
            32.437421
          ],
          [
            -96.64907,
            32.437725
          ],
          [
            -96.648537,
            32.43817
          ],
          [
            -96.647816,
            32.43886
          ],
          [
            -96.647443,
            32.439233
          ],
          [
            -96.647117,
            32.43956
          ],
          [
            -96.646831,
            32.439868
          ],
          [
            -96.646666,
            32.440061
          ],
          [
            -96.646422,
            32.440179
          ],
          [
            -96.646262,
            32.440239
          ],
          [
            -96.646158,
            32.44026
          ],
          [
            -96.646012,
            32.44027
          ],
          [
            -96.645913,
            32.440267
          ],
          [
            -96.645768,
            32.440246
          ],
          [
            -96.645632,
            32.440216
          ],
          [
            -96.645497,
            32.440165
          ],
          [
            -96.645296,
            32.440069
          ],
          [
            -96.644712,
            32.439683
          ],
          [
            -96.644512,
            32.439551
          ],
          [
            -96.64394,
            32.439115
          ],
          [
            -96.643594,
            32.43887
          ],
          [
            -96.643084,
            32.438509
          ],
          [
            -96.642918,
            32.438392
          ],
          [
            -96.642752,
            32.438263
          ],
          [
            -96.642569,
            32.438091
          ],
          [
            -96.642457,
            32.43797
          ],
          [
            -96.642174,
            32.437666
          ],
          [
            -96.642022,
            32.437503
          ],
          [
            -96.641917,
            32.437378
          ],
          [
            -96.641582,
            32.437156
          ],
          [
            -96.640914,
            32.436693
          ],
          [
            -96.640448,
            32.43638
          ],
          [
            -96.640215,
            32.436224
          ],
          [
            -96.639078,
            32.435501
          ],
          [
            -96.638901,
            32.435389
          ],
          [
            -96.638675,
            32.435257
          ],
          [
            -96.637925,
            32.434841
          ],
          [
            -96.637062,
            32.434339
          ],
          [
            -96.636393,
            32.433928
          ],
          [
            -96.636308,
            32.433875
          ],
          [
            -96.636224,
            32.433824
          ],
          [
            -96.635582,
            32.43343
          ],
          [
            -96.634732,
            32.432868
          ],
          [
            -96.633681,
            32.432136
          ],
          [
            -96.633463,
            32.432012
          ],
          [
            -96.633265,
            32.43193
          ],
          [
            -96.633074,
            32.431866
          ],
          [
            -96.632786,
            32.431821
          ],
          [
            -96.630524,
            32.431596
          ],
          [
            -96.629808,
            32.431525
          ],
          [
            -96.62881,
            32.431427
          ],
          [
            -96.627536,
            32.431303
          ],
          [
            -96.627399,
            32.431292
          ],
          [
            -96.627113,
            32.431299
          ],
          [
            -96.626967,
            32.43132
          ],
          [
            -96.626849,
            32.431357
          ],
          [
            -96.626735,
            32.431404
          ],
          [
            -96.62662,
            32.431486
          ],
          [
            -96.626543,
            32.431562
          ],
          [
            -96.626014,
            32.432232
          ],
          [
            -96.625409,
            32.432979
          ],
          [
            -96.625001,
            32.433448
          ],
          [
            -96.624803,
            32.433706
          ],
          [
            -96.624481,
            32.434137
          ],
          [
            -96.622823,
            32.436148
          ],
          [
            -96.622583,
            32.4364
          ],
          [
            -96.622406,
            32.43654
          ],
          [
            -96.622074,
            32.436732
          ],
          [
            -96.621612,
            32.436904
          ],
          [
            -96.621322,
            32.437015
          ],
          [
            -96.620066,
            32.437497
          ],
          [
            -96.620024,
            32.437512
          ],
          [
            -96.619751,
            32.437607
          ],
          [
            -96.619447,
            32.437689
          ],
          [
            -96.619377,
            32.4377
          ],
          [
            -96.61852,
            32.437838
          ],
          [
            -96.617988,
            32.437955
          ],
          [
            -96.615684,
            32.438355
          ],
          [
            -96.614963,
            32.438488
          ],
          [
            -96.613963,
            32.438705
          ],
          [
            -96.61305,
            32.438926
          ],
          [
            -96.612542,
            32.439065
          ],
          [
            -96.612415,
            32.439113
          ],
          [
            -96.612304,
            32.439147
          ],
          [
            -96.61204,
            32.439219
          ],
          [
            -96.611023,
            32.4395
          ],
          [
            -96.61052,
            32.439656
          ],
          [
            -96.609015,
            32.440087
          ],
          [
            -96.608537,
            32.440221
          ],
          [
            -96.608443,
            32.440247
          ],
          [
            -96.608058,
            32.440356
          ],
          [
            -96.607403,
            32.440558
          ],
          [
            -96.607111,
            32.440618
          ],
          [
            -96.606965,
            32.440621
          ],
          [
            -96.606839,
            32.440604
          ],
          [
            -96.606655,
            32.440564
          ],
          [
            -96.606484,
            32.440479
          ],
          [
            -96.606103,
            32.440215
          ],
          [
            -96.605936,
            32.440091
          ],
          [
            -96.605452,
            32.439781
          ],
          [
            -96.605133,
            32.439555
          ],
          [
            -96.604958,
            32.439431
          ],
          [
            -96.604365,
            32.439062
          ],
          [
            -96.604309,
            32.43904
          ],
          [
            -96.604231,
            32.439003
          ],
          [
            -96.604134,
            32.438975
          ],
          [
            -96.603962,
            32.438947
          ],
          [
            -96.603821,
            32.438941
          ],
          [
            -96.603726,
            32.438946
          ],
          [
            -96.603666,
            32.438954
          ],
          [
            -96.603613,
            32.438961
          ],
          [
            -96.603432,
            32.439022
          ],
          [
            -96.603359,
            32.439048
          ],
          [
            -96.603234,
            32.43911
          ],
          [
            -96.602933,
            32.439389
          ],
          [
            -96.602712,
            32.439616
          ],
          [
            -96.602546,
            32.439796
          ],
          [
            -96.601609,
            32.440767
          ],
          [
            -96.601243,
            32.441146
          ],
          [
            -96.600714,
            32.441705
          ],
          [
            -96.600243,
            32.442208
          ],
          [
            -96.599511,
            32.44296
          ],
          [
            -96.599198,
            32.44328
          ],
          [
            -96.598726,
            32.443771
          ],
          [
            -96.597131,
            32.445473
          ],
          [
            -96.596691,
            32.445932
          ],
          [
            -96.596284,
            32.446356
          ],
          [
            -96.596117,
            32.446475
          ],
          [
            -96.595942,
            32.446595
          ],
          [
            -96.595706,
            32.44666
          ],
          [
            -96.595581,
            32.446669
          ],
          [
            -96.595384,
            32.446675
          ],
          [
            -96.595218,
            32.446654
          ],
          [
            -96.595172,
            32.446643
          ],
          [
            -96.595038,
            32.446598
          ],
          [
            -96.595349,
            32.446814
          ],
          [
            -96.595452,
            32.446901
          ],
          [
            -96.595498,
            32.44696
          ],
          [
            -96.595525,
            32.447028
          ],
          [
            -96.595527,
            32.447155
          ],
          [
            -96.59553,
            32.447296
          ],
          [
            -96.595583,
            32.449951
          ],
          [
            -96.59561,
            32.450674
          ],
          [
            -96.595618,
            32.450893
          ],
          [
            -96.595626,
            32.451831
          ],
          [
            -96.59564,
            32.452326
          ],
          [
            -96.595623,
            32.452607
          ],
          [
            -96.595596,
            32.452714
          ],
          [
            -96.595573,
            32.452767
          ],
          [
            -96.595343,
            32.453015
          ],
          [
            -96.595048,
            32.453331
          ],
          [
            -96.59448,
            32.453937
          ],
          [
            -96.594204,
            32.454236
          ],
          [
            -96.593535,
            32.45496
          ],
          [
            -96.593499,
            32.455077
          ],
          [
            -96.593502,
            32.455128
          ],
          [
            -96.593526,
            32.455183
          ],
          [
            -96.593673,
            32.455291
          ],
          [
            -96.593754,
            32.45535
          ],
          [
            -96.59409,
            32.455572
          ],
          [
            -96.594728,
            32.456017
          ],
          [
            -96.594829,
            32.456087
          ],
          [
            -96.594919,
            32.456188
          ],
          [
            -96.595073,
            32.456448
          ],
          [
            -96.595128,
            32.456521
          ],
          [
            -96.595202,
            32.456597
          ],
          [
            -96.595349,
            32.456701
          ],
          [
            -96.595456,
            32.456758
          ],
          [
            -96.59566,
            32.456832
          ],
          [
            -96.595988,
            32.456887
          ],
          [
            -96.596092,
            32.456922
          ],
          [
            -96.596156,
            32.456959
          ],
          [
            -96.596306,
            32.457069
          ],
          [
            -96.596403,
            32.457173
          ],
          [
            -96.596467,
            32.457266
          ],
          [
            -96.596484,
            32.457309
          ],
          [
            -96.59648,
            32.457396
          ],
          [
            -96.594976,
            32.45905
          ],
          [
            -96.594742,
            32.459307
          ],
          [
            -96.594576,
            32.459502
          ],
          [
            -96.594477,
            32.459617
          ],
          [
            -96.593942,
            32.460244
          ],
          [
            -96.593443,
            32.460864
          ],
          [
            -96.593413,
            32.46095
          ],
          [
            -96.59342,
            32.461043
          ],
          [
            -96.593443,
            32.461121
          ],
          [
            -96.593527,
            32.461248
          ],
          [
            -96.593673,
            32.461354
          ],
          [
            -96.59384,
            32.461451
          ],
          [
            -96.594108,
            32.461571
          ],
          [
            -96.594377,
            32.461669
          ],
          [
            -96.594509,
            32.461745
          ],
          [
            -96.594583,
            32.461802
          ],
          [
            -96.59466,
            32.461898
          ],
          [
            -96.594746,
            32.461997
          ],
          [
            -96.594806,
            32.462117
          ],
          [
            -96.594857,
            32.462187
          ],
          [
            -96.594962,
            32.462461
          ],
          [
            -96.594987,
            32.462545
          ],
          [
            -96.594998,
            32.462642
          ],
          [
            -96.595038,
            32.463555
          ],
          [
            -96.595044,
            32.464102
          ],
          [
            -96.594992,
            32.46427
          ],
          [
            -96.594944,
            32.464425
          ],
          [
            -96.594937,
            32.464449
          ],
          [
            -96.59486,
            32.464637
          ],
          [
            -96.594792,
            32.464767
          ],
          [
            -96.594732,
            32.464857
          ],
          [
            -96.594689,
            32.464906
          ],
          [
            -96.594417,
            32.46512
          ],
          [
            -96.593798,
            32.465581
          ],
          [
            -96.593674,
            32.465712
          ],
          [
            -96.59361,
            32.465823
          ],
          [
            -96.593572,
            32.46596
          ],
          [
            -96.593548,
            32.466074
          ],
          [
            -96.593495,
            32.466206
          ],
          [
            -96.593423,
            32.466316
          ],
          [
            -96.593316,
            32.466451
          ],
          [
            -96.593195,
            32.466578
          ],
          [
            -96.593052,
            32.466682
          ],
          [
            -96.592664,
            32.46701
          ],
          [
            -96.59231,
            32.467335
          ],
          [
            -96.592088,
            32.467568
          ],
          [
            -96.591742,
            32.467958
          ],
          [
            -96.590876,
            32.468881
          ],
          [
            -96.589928,
            32.469837
          ],
          [
            -96.589682,
            32.470089
          ],
          [
            -96.589509,
            32.470266
          ],
          [
            -96.589025,
            32.470761
          ],
          [
            -96.588825,
            32.470956
          ],
          [
            -96.588373,
            32.470647
          ],
          [
            -96.587352,
            32.469968
          ],
          [
            -96.585956,
            32.468967
          ],
          [
            -96.585747,
            32.468818
          ],
          [
            -96.585561,
            32.468684
          ],
          [
            -96.585538,
            32.468667
          ],
          [
            -96.584764,
            32.468122
          ],
          [
            -96.584175,
            32.467707
          ],
          [
            -96.583981,
            32.467571
          ],
          [
            -96.583897,
            32.467512
          ],
          [
            -96.582707,
            32.466667
          ],
          [
            -96.582217,
            32.466341
          ],
          [
            -96.582085,
            32.466335
          ],
          [
            -96.58205,
            32.466346
          ],
          [
            -96.581571,
            32.466704
          ],
          [
            -96.581479,
            32.466725
          ],
          [
            -96.581402,
            32.466703
          ],
          [
            -96.581377,
            32.466685
          ],
          [
            -96.581298,
            32.46662
          ],
          [
            -96.580486,
            32.466072
          ],
          [
            -96.580059,
            32.465784
          ],
          [
            -96.578931,
            32.464962
          ],
          [
            -96.578111,
            32.464388
          ],
          [
            -96.576073,
            32.462979
          ],
          [
            -96.576057,
            32.462958
          ],
          [
            -96.575866,
            32.462827
          ],
          [
            -96.575242,
            32.462389
          ],
          [
            -96.575082,
            32.462277
          ],
          [
            -96.574976,
            32.462203
          ],
          [
            -96.574297,
            32.461731
          ],
          [
            -96.574013,
            32.461535
          ],
          [
            -96.573681,
            32.461301
          ],
          [
            -96.573589,
            32.461274
          ],
          [
            -96.573485,
            32.461289
          ],
          [
            -96.573274,
            32.461459
          ],
          [
            -96.572888,
            32.461825
          ],
          [
            -96.572608,
            32.46209
          ],
          [
            -96.572415,
            32.462247
          ],
          [
            -96.572318,
            32.46229
          ],
          [
            -96.572237,
            32.462303
          ],
          [
            -96.572048,
            32.462207
          ],
          [
            -96.571898,
            32.462083
          ],
          [
            -96.571494,
            32.461802
          ],
          [
            -96.571354,
            32.461709
          ],
          [
            -96.571069,
            32.461522
          ],
          [
            -96.570679,
            32.461229
          ],
          [
            -96.570509,
            32.461109
          ],
          [
            -96.570423,
            32.461064
          ],
          [
            -96.569846,
            32.460665
          ],
          [
            -96.569545,
            32.460457
          ],
          [
            -96.569517,
            32.460438
          ],
          [
            -96.569286,
            32.460276
          ],
          [
            -96.569096,
            32.460141
          ],
          [
            -96.568812,
            32.459933
          ],
          [
            -96.568745,
            32.459885
          ],
          [
            -96.568428,
            32.459659
          ],
          [
            -96.568562,
            32.45951
          ],
          [
            -96.568873,
            32.459162
          ],
          [
            -96.569148,
            32.45886
          ],
          [
            -96.569476,
            32.458525
          ],
          [
            -96.569584,
            32.458402
          ],
          [
            -96.569415,
            32.458287
          ],
          [
            -96.569179,
            32.458123
          ],
          [
            -96.568911,
            32.457936
          ],
          [
            -96.568439,
            32.457604
          ],
          [
            -96.568196,
            32.457433
          ],
          [
            -96.568116,
            32.457375
          ],
          [
            -96.567603,
            32.457006
          ],
          [
            -96.567264,
            32.456784
          ],
          [
            -96.566288,
            32.456107
          ],
          [
            -96.565686,
            32.455647
          ],
          [
            -96.565393,
            32.455472
          ],
          [
            -96.565205,
            32.455359
          ],
          [
            -96.565045,
            32.455304
          ],
          [
            -96.564963,
            32.455285
          ],
          [
            -96.564852,
            32.455258
          ],
          [
            -96.564225,
            32.455173
          ],
          [
            -96.563405,
            32.455064
          ],
          [
            -96.562935,
            32.455007
          ],
          [
            -96.562222,
            32.45492
          ],
          [
            -96.561833,
            32.454859
          ],
          [
            -96.560835,
            32.454727
          ],
          [
            -96.56056,
            32.454687
          ],
          [
            -96.560486,
            32.454684
          ],
          [
            -96.560336,
            32.454704
          ],
          [
            -96.559962,
            32.454729
          ],
          [
            -96.559775,
            32.454727
          ],
          [
            -96.559663,
            32.454697
          ],
          [
            -96.559509,
            32.454604
          ],
          [
            -96.559195,
            32.454379
          ],
          [
            -96.558661,
            32.453998
          ],
          [
            -96.558349,
            32.453775
          ],
          [
            -96.558138,
            32.453625
          ],
          [
            -96.5579,
            32.453439
          ],
          [
            -96.557605,
            32.453242
          ],
          [
            -96.557036,
            32.452861
          ],
          [
            -96.555781,
            32.451957
          ],
          [
            -96.554918,
            32.45135
          ],
          [
            -96.554452,
            32.451002
          ],
          [
            -96.554395,
            32.450941
          ],
          [
            -96.554342,
            32.450823
          ],
          [
            -96.554328,
            32.450744
          ],
          [
            -96.554333,
            32.450364
          ],
          [
            -96.55436,
            32.450127
          ],
          [
            -96.554357,
            32.45002
          ],
          [
            -96.55433,
            32.449891
          ],
          [
            -96.554233,
            32.449624
          ],
          [
            -96.55406,
            32.449216
          ],
          [
            -96.553937,
            32.449005
          ],
          [
            -96.553696,
            32.44865
          ],
          [
            -96.553095,
            32.447722
          ],
          [
            -96.552578,
            32.446902
          ],
          [
            -96.552548,
            32.446854
          ],
          [
            -96.552491,
            32.446764
          ],
          [
            -96.552355,
            32.446475
          ],
          [
            -96.552258,
            32.446184
          ],
          [
            -96.552168,
            32.445802
          ],
          [
            -96.552089,
            32.44556
          ],
          [
            -96.552076,
            32.44552
          ],
          [
            -96.552019,
            32.445422
          ],
          [
            -96.551932,
            32.445303
          ],
          [
            -96.551832,
            32.445227
          ],
          [
            -96.551698,
            32.445124
          ],
          [
            -96.551259,
            32.444837
          ],
          [
            -96.550729,
            32.444468
          ],
          [
            -96.550128,
            32.444072
          ],
          [
            -96.549912,
            32.44393
          ],
          [
            -96.549221,
            32.44343
          ],
          [
            -96.548988,
            32.443183
          ],
          [
            -96.548999,
            32.443118
          ],
          [
            -96.548995,
            32.443025
          ],
          [
            -96.549194,
            32.442226
          ],
          [
            -96.549304,
            32.441804
          ],
          [
            -96.549332,
            32.441699
          ],
          [
            -96.549439,
            32.441216
          ],
          [
            -96.54943,
            32.440988
          ],
          [
            -96.549307,
            32.440472
          ],
          [
            -96.549209,
            32.440057
          ],
          [
            -96.549168,
            32.439885
          ],
          [
            -96.549052,
            32.439042
          ],
          [
            -96.549022,
            32.438761
          ],
          [
            -96.549019,
            32.438633
          ],
          [
            -96.549045,
            32.43852
          ],
          [
            -96.549089,
            32.438406
          ],
          [
            -96.549179,
            32.438229
          ],
          [
            -96.549222,
            32.438181
          ],
          [
            -96.549489,
            32.437911
          ],
          [
            -96.549606,
            32.437789
          ],
          [
            -96.549844,
            32.437542
          ],
          [
            -96.55019,
            32.437185
          ],
          [
            -96.550703,
            32.436653
          ],
          [
            -96.551225,
            32.436114
          ],
          [
            -96.551394,
            32.435955
          ],
          [
            -96.551455,
            32.435894
          ],
          [
            -96.55227,
            32.435084
          ],
          [
            -96.552674,
            32.434665
          ],
          [
            -96.552878,
            32.434458
          ],
          [
            -96.553065,
            32.434258
          ],
          [
            -96.55375,
            32.433569
          ],
          [
            -96.553852,
            32.433464
          ],
          [
            -96.554123,
            32.433184
          ],
          [
            -96.554413,
            32.432885
          ],
          [
            -96.554719,
            32.432568
          ],
          [
            -96.554856,
            32.432384
          ],
          [
            -96.554973,
            32.432226
          ],
          [
            -96.555791,
            32.431268
          ],
          [
            -96.556203,
            32.430857
          ],
          [
            -96.556376,
            32.430688
          ],
          [
            -96.556444,
            32.430605
          ],
          [
            -96.556471,
            32.430534
          ],
          [
            -96.556479,
            32.430513
          ],
          [
            -96.556483,
            32.430351
          ],
          [
            -96.556405,
            32.430022
          ],
          [
            -96.556299,
            32.429594
          ],
          [
            -96.556285,
            32.429377
          ],
          [
            -96.556303,
            32.428852
          ],
          [
            -96.556318,
            32.428407
          ],
          [
            -96.556342,
            32.428013
          ],
          [
            -96.556377,
            32.427455
          ],
          [
            -96.556477,
            32.426479
          ],
          [
            -96.556531,
            32.426257
          ],
          [
            -96.556732,
            32.425696
          ],
          [
            -96.556849,
            32.425545
          ],
          [
            -96.556974,
            32.425437
          ],
          [
            -96.557319,
            32.425168
          ],
          [
            -96.557399,
            32.425086
          ],
          [
            -96.55754,
            32.424902
          ],
          [
            -96.558275,
            32.423645
          ],
          [
            -96.558711,
            32.422758
          ],
          [
            -96.558745,
            32.422641
          ],
          [
            -96.558765,
            32.42248
          ],
          [
            -96.558745,
            32.422283
          ],
          [
            -96.558707,
            32.422069
          ],
          [
            -96.558569,
            32.421519
          ],
          [
            -96.558579,
            32.421352
          ],
          [
            -96.55871,
            32.421141
          ],
          [
            -96.558822,
            32.421038
          ],
          [
            -96.559228,
            32.420668
          ],
          [
            -96.559883,
            32.420189
          ],
          [
            -96.560078,
            32.42
          ],
          [
            -96.560328,
            32.419758
          ],
          [
            -96.560708,
            32.419365
          ],
          [
            -96.561059,
            32.41881
          ],
          [
            -96.561272,
            32.41845
          ],
          [
            -96.561376,
            32.418303
          ],
          [
            -96.561872,
            32.417865
          ],
          [
            -96.561985,
            32.417765
          ],
          [
            -96.562502,
            32.417316
          ],
          [
            -96.562888,
            32.416998
          ],
          [
            -96.562905,
            32.416983
          ],
          [
            -96.563393,
            32.416558
          ],
          [
            -96.563059,
            32.416286
          ],
          [
            -96.561832,
            32.415343
          ],
          [
            -96.560524,
            32.414288
          ],
          [
            -96.560362,
            32.414178
          ],
          [
            -96.560261,
            32.414136
          ],
          [
            -96.560101,
            32.414139
          ],
          [
            -96.560001,
            32.414158
          ],
          [
            -96.559873,
            32.414216
          ],
          [
            -96.559589,
            32.414496
          ],
          [
            -96.558976,
            32.415156
          ],
          [
            -96.558312,
            32.41583
          ],
          [
            -96.558225,
            32.415886
          ],
          [
            -96.558017,
            32.415981
          ],
          [
            -96.55793,
            32.415996
          ],
          [
            -96.557179,
            32.416048
          ],
          [
            -96.557122,
            32.416052
          ],
          [
            -96.556849,
            32.416039
          ],
          [
            -96.55656,
            32.416026
          ],
          [
            -96.556466,
            32.416009
          ],
          [
            -96.556256,
            32.415923
          ],
          [
            -96.556158,
            32.415878
          ],
          [
            -96.556097,
            32.415834
          ],
          [
            -96.55508,
            32.415098
          ],
          [
            -96.555006,
            32.415039
          ],
          [
            -96.554346,
            32.414521
          ],
          [
            -96.553254,
            32.413663
          ],
          [
            -96.55297,
            32.41344
          ],
          [
            -96.552885,
            32.413374
          ],
          [
            -96.552392,
            32.412987
          ],
          [
            -96.552166,
            32.412809
          ],
          [
            -96.55194,
            32.41263
          ],
          [
            -96.551873,
            32.412543
          ],
          [
            -96.55184,
            32.412484
          ],
          [
            -96.551517,
            32.411799
          ],
          [
            -96.551423,
            32.411638
          ],
          [
            -96.551332,
            32.411505
          ],
          [
            -96.551179,
            32.411313
          ],
          [
            -96.550991,
            32.411126
          ],
          [
            -96.550744,
            32.410857
          ],
          [
            -96.550688,
            32.410797
          ],
          [
            -96.550635,
            32.4107
          ],
          [
            -96.550572,
            32.41055
          ],
          [
            -96.550511,
            32.410409
          ],
          [
            -96.550265,
            32.409511
          ],
          [
            -96.550175,
            32.409236
          ],
          [
            -96.549928,
            32.408292
          ],
          [
            -96.549834,
            32.408008
          ],
          [
            -96.549803,
            32.407916
          ],
          [
            -96.549726,
            32.407829
          ],
          [
            -96.549632,
            32.407764
          ],
          [
            -96.549455,
            32.407677
          ],
          [
            -96.548926,
            32.407524
          ],
          [
            -96.547602,
            32.407232
          ],
          [
            -96.54695,
            32.407074
          ],
          [
            -96.546318,
            32.406944
          ],
          [
            -96.545543,
            32.406784
          ],
          [
            -96.544554,
            32.40658
          ],
          [
            -96.543176,
            32.406295
          ],
          [
            -96.542157,
            32.406084
          ],
          [
            -96.54104,
            32.405873
          ],
          [
            -96.538938,
            32.405484
          ],
          [
            -96.53798,
            32.405312
          ],
          [
            -96.536144,
            32.404983
          ],
          [
            -96.536022,
            32.404967
          ],
          [
            -96.535968,
            32.40493
          ],
          [
            -96.535938,
            32.404891
          ],
          [
            -96.535928,
            32.404809
          ],
          [
            -96.535963,
            32.404408
          ],
          [
            -96.535999,
            32.404031
          ],
          [
            -96.53602,
            32.403647
          ],
          [
            -96.536041,
            32.403503
          ],
          [
            -96.536079,
            32.403413
          ],
          [
            -96.536251,
            32.403236
          ],
          [
            -96.536447,
            32.403101
          ],
          [
            -96.536711,
            32.402938
          ],
          [
            -96.536819,
            32.402873
          ],
          [
            -96.536896,
            32.402783
          ],
          [
            -96.53692,
            32.402713
          ],
          [
            -96.537,
            32.402445
          ],
          [
            -96.537014,
            32.402351
          ],
          [
            -96.537079,
            32.401939
          ],
          [
            -96.537083,
            32.401918
          ],
          [
            -96.537174,
            32.401487
          ],
          [
            -96.537239,
            32.401159
          ],
          [
            -96.537577,
            32.399233
          ],
          [
            -96.53779,
            32.398093
          ],
          [
            -96.537932,
            32.397334
          ],
          [
            -96.538066,
            32.396496
          ],
          [
            -96.538084,
            32.396382
          ],
          [
            -96.538092,
            32.396253
          ],
          [
            -96.538079,
            32.396175
          ],
          [
            -96.537989,
            32.395969
          ],
          [
            -96.537791,
            32.395608
          ],
          [
            -96.537704,
            32.395421
          ],
          [
            -96.537652,
            32.395252
          ],
          [
            -96.537643,
            32.395182
          ],
          [
            -96.537635,
            32.395117
          ],
          [
            -96.537619,
            32.394803
          ],
          [
            -96.537618,
            32.394446
          ],
          [
            -96.537642,
            32.394223
          ],
          [
            -96.537654,
            32.394115
          ],
          [
            -96.537681,
            32.394011
          ],
          [
            -96.537895,
            32.392915
          ],
          [
            -96.53814,
            32.39177
          ],
          [
            -96.538179,
            32.391588
          ],
          [
            -96.538256,
            32.39122
          ],
          [
            -96.53842,
            32.39043
          ],
          [
            -96.538437,
            32.390282
          ],
          [
            -96.538437,
            32.39015
          ],
          [
            -96.538387,
            32.389851
          ],
          [
            -96.538303,
            32.389505
          ],
          [
            -96.538074,
            32.388559
          ],
          [
            -96.537518,
            32.386353
          ],
          [
            -96.537378,
            32.385869
          ],
          [
            -96.537341,
            32.385742
          ],
          [
            -96.537297,
            32.385564
          ],
          [
            -96.53708,
            32.384689
          ],
          [
            -96.536967,
            32.384228
          ],
          [
            -96.536883,
            32.383862
          ],
          [
            -96.53683,
            32.383667
          ],
          [
            -96.536731,
            32.383307
          ],
          [
            -96.536626,
            32.382937
          ],
          [
            -96.536478,
            32.382413
          ],
          [
            -96.536444,
            32.382315
          ],
          [
            -96.536416,
            32.382247
          ],
          [
            -96.536202,
            32.382011
          ],
          [
            -96.535974,
            32.381796
          ],
          [
            -96.535547,
            32.381394
          ],
          [
            -96.535142,
            32.381047
          ],
          [
            -96.534049,
            32.380079
          ],
          [
            -96.533574,
            32.379648
          ],
          [
            -96.533436,
            32.379524
          ],
          [
            -96.53369,
            32.379451
          ],
          [
            -96.533944,
            32.379376
          ],
          [
            -96.534358,
            32.379264
          ],
          [
            -96.535903,
            32.378791
          ],
          [
            -96.53812,
            32.378148
          ],
          [
            -96.538314,
            32.37809
          ],
          [
            -96.538508,
            32.378034
          ],
          [
            -96.539444,
            32.377747
          ],
          [
            -96.540381,
            32.377463
          ],
          [
            -96.5405,
            32.377426
          ],
          [
            -96.540886,
            32.37727
          ],
          [
            -96.541526,
            32.377011
          ],
          [
            -96.542576,
            32.376536
          ],
          [
            -96.543093,
            32.376302
          ],
          [
            -96.543776,
            32.375971
          ],
          [
            -96.546038,
            32.374882
          ],
          [
            -96.54781,
            32.374018
          ],
          [
            -96.549083,
            32.373361
          ],
          [
            -96.549378,
            32.373207
          ],
          [
            -96.55095,
            32.372437
          ],
          [
            -96.55228,
            32.371799
          ],
          [
            -96.553581,
            32.371203
          ],
          [
            -96.55476,
            32.370649
          ],
          [
            -96.55596,
            32.370095
          ],
          [
            -96.556131,
            32.370012
          ],
          [
            -96.559021,
            32.368609
          ],
          [
            -96.56057,
            32.367863
          ],
          [
            -96.560597,
            32.36785
          ],
          [
            -96.563116,
            32.366622
          ],
          [
            -96.564311,
            32.366036
          ],
          [
            -96.564415,
            32.365986
          ],
          [
            -96.566881,
            32.364798
          ],
          [
            -96.568261,
            32.364134
          ],
          [
            -96.569423,
            32.363572
          ],
          [
            -96.569968,
            32.363308
          ],
          [
            -96.57069,
            32.362949
          ],
          [
            -96.570966,
            32.362812
          ],
          [
            -96.571465,
            32.362564
          ],
          [
            -96.571861,
            32.362373
          ],
          [
            -96.572231,
            32.362193
          ],
          [
            -96.572364,
            32.362132
          ],
          [
            -96.572427,
            32.362102
          ],
          [
            -96.572982,
            32.361834
          ],
          [
            -96.574303,
            32.361199
          ],
          [
            -96.574491,
            32.361109
          ],
          [
            -96.575615,
            32.360569
          ],
          [
            -96.576127,
            32.360323
          ],
          [
            -96.576848,
            32.359976
          ],
          [
            -96.577384,
            32.359717
          ],
          [
            -96.577568,
            32.359628
          ],
          [
            -96.578102,
            32.359358
          ],
          [
            -96.578885,
            32.358964
          ],
          [
            -96.578942,
            32.358935
          ],
          [
            -96.580235,
            32.358334
          ],
          [
            -96.580908,
            32.358009
          ],
          [
            -96.581298,
            32.357818
          ],
          [
            -96.581689,
            32.357628
          ],
          [
            -96.581823,
            32.357563
          ],
          [
            -96.582598,
            32.357188
          ],
          [
            -96.583374,
            32.356814
          ],
          [
            -96.583899,
            32.356552
          ],
          [
            -96.584111,
            32.356448
          ],
          [
            -96.584193,
            32.356406
          ],
          [
            -96.58466,
            32.35618
          ],
          [
            -96.585063,
            32.355984
          ],
          [
            -96.585164,
            32.355935
          ],
          [
            -96.585725,
            32.355662
          ],
          [
            -96.586031,
            32.355513
          ],
          [
            -96.586247,
            32.355407
          ],
          [
            -96.586684,
            32.355194
          ],
          [
            -96.587146,
            32.35497
          ],
          [
            -96.587255,
            32.354919
          ],
          [
            -96.588097,
            32.354522
          ],
          [
            -96.588191,
            32.354477
          ],
          [
            -96.588207,
            32.354469
          ],
          [
            -96.588896,
            32.354104
          ],
          [
            -96.588968,
            32.354064
          ],
          [
            -96.589089,
            32.353993
          ],
          [
            -96.589123,
            32.353973
          ],
          [
            -96.589534,
            32.353732
          ],
          [
            -96.590019,
            32.353433
          ],
          [
            -96.59009,
            32.353389
          ],
          [
            -96.590508,
            32.353118
          ],
          [
            -96.590568,
            32.353077
          ],
          [
            -96.59103,
            32.352792
          ],
          [
            -96.591612,
            32.352432
          ],
          [
            -96.591783,
            32.352327
          ],
          [
            -96.592873,
            32.351643
          ],
          [
            -96.594011,
            32.350928
          ],
          [
            -96.594327,
            32.350721
          ],
          [
            -96.595055,
            32.350264
          ],
          [
            -96.595903,
            32.349731
          ],
          [
            -96.596813,
            32.349153
          ],
          [
            -96.597042,
            32.349012
          ],
          [
            -96.597271,
            32.348869
          ],
          [
            -96.597322,
            32.348847
          ],
          [
            -96.59734,
            32.348832
          ],
          [
            -96.597362,
            32.348813
          ],
          [
            -96.597476,
            32.348736
          ],
          [
            -96.599268,
            32.347622
          ],
          [
            -96.601357,
            32.346303
          ],
          [
            -96.601443,
            32.346249
          ],
          [
            -96.601845,
            32.345996
          ],
          [
            -96.602247,
            32.345745
          ],
          [
            -96.602633,
            32.345503
          ],
          [
            -96.602874,
            32.345352
          ],
          [
            -96.603098,
            32.345216
          ],
          [
            -96.603329,
            32.345067
          ],
          [
            -96.603537,
            32.344928
          ],
          [
            -96.603898,
            32.344696
          ],
          [
            -96.604549,
            32.344281
          ],
          [
            -96.604781,
            32.344137
          ],
          [
            -96.6053,
            32.343814
          ],
          [
            -96.605956,
            32.343408
          ],
          [
            -96.606127,
            32.343302
          ],
          [
            -96.60625,
            32.343226
          ],
          [
            -96.606505,
            32.343058
          ],
          [
            -96.606712,
            32.342928
          ],
          [
            -96.60756,
            32.342397
          ],
          [
            -96.607712,
            32.342301
          ],
          [
            -96.607741,
            32.342282
          ],
          [
            -96.608038,
            32.342092
          ],
          [
            -96.608521,
            32.341782
          ],
          [
            -96.608697,
            32.341669
          ],
          [
            -96.609255,
            32.34131
          ],
          [
            -96.610224,
            32.340688
          ],
          [
            -96.610969,
            32.340114
          ],
          [
            -96.611398,
            32.339726
          ],
          [
            -96.611547,
            32.339568
          ],
          [
            -96.611851,
            32.339202
          ],
          [
            -96.61235,
            32.338613
          ],
          [
            -96.612434,
            32.338511
          ],
          [
            -96.613268,
            32.337491
          ],
          [
            -96.614089,
            32.336484
          ],
          [
            -96.614339,
            32.336208
          ],
          [
            -96.614547,
            32.335957
          ],
          [
            -96.614729,
            32.335739
          ],
          [
            -96.615015,
            32.335395
          ],
          [
            -96.615139,
            32.335245
          ],
          [
            -96.615277,
            32.335079
          ],
          [
            -96.615488,
            32.334825
          ],
          [
            -96.615805,
            32.334445
          ],
          [
            -96.61605,
            32.334151
          ],
          [
            -96.61629,
            32.333867
          ],
          [
            -96.616338,
            32.33381
          ],
          [
            -96.616462,
            32.333684
          ],
          [
            -96.616521,
            32.333614
          ],
          [
            -96.616598,
            32.333546
          ],
          [
            -96.616694,
            32.333449
          ],
          [
            -96.616764,
            32.333365
          ],
          [
            -96.616817,
            32.333321
          ],
          [
            -96.616981,
            32.333186
          ],
          [
            -96.617075,
            32.333108
          ],
          [
            -96.617118,
            32.333072
          ],
          [
            -96.617612,
            32.332648
          ],
          [
            -96.617822,
            32.332501
          ],
          [
            -96.617981,
            32.3324
          ],
          [
            -96.618115,
            32.332316
          ],
          [
            -96.618321,
            32.332198
          ],
          [
            -96.618455,
            32.332119
          ],
          [
            -96.618684,
            32.331985
          ],
          [
            -96.618754,
            32.331951
          ],
          [
            -96.61894,
            32.331861
          ],
          [
            -96.619825,
            32.331426
          ],
          [
            -96.620075,
            32.331303
          ],
          [
            -96.620545,
            32.331071
          ],
          [
            -96.620744,
            32.330973
          ],
          [
            -96.62115,
            32.330771
          ],
          [
            -96.621408,
            32.330642
          ],
          [
            -96.621947,
            32.330371
          ],
          [
            -96.622589,
            32.330061
          ],
          [
            -96.623045,
            32.329842
          ],
          [
            -96.623131,
            32.3298
          ],
          [
            -96.623516,
            32.329611
          ],
          [
            -96.624037,
            32.329364
          ],
          [
            -96.624226,
            32.329269
          ],
          [
            -96.624461,
            32.329153
          ],
          [
            -96.624698,
            32.329029
          ],
          [
            -96.624916,
            32.328924
          ],
          [
            -96.625365,
            32.328708
          ],
          [
            -96.625611,
            32.329078
          ],
          [
            -96.625695,
            32.329214
          ]
        ],
        "type": "LineString"
      },
      "properties": {
        "loop": "north",
        "name": "North Bluebonnet Trail",
        "color": "#1B5E20",
        "distanceMiles": 37.2,
        "approximate": true,
        "note": "Roads sourced from the official 2018 Ennis Bluebonnet Trails & Festival map (Ennis Garden Club, mirrored via travellatte.net). Waypoint order along the North Trail (gold on the source map) was interpreted from the map graphic \u2014 FM 879, FM 813 near Palmer, Sugar Ridge Rd/the winery near Bristol, Union Hill Rd, and Alsdorf Rd \u2014 then connected with real roads via OSRM. Exact turn sequence may not perfectly match the current official trail; confirm with a current-year map at the Welcome Center."
      }
    },
    {
      "type": "Feature",
      "geometry": {
        "coordinates": [
          [
            -96.625695,
            32.329214
          ],
          [
            -96.625611,
            32.329078
          ],
          [
            -96.625365,
            32.328708
          ],
          [
            -96.624916,
            32.328924
          ],
          [
            -96.624698,
            32.329029
          ],
          [
            -96.624461,
            32.329153
          ],
          [
            -96.624226,
            32.329269
          ],
          [
            -96.624037,
            32.329364
          ],
          [
            -96.623516,
            32.329611
          ],
          [
            -96.623131,
            32.3298
          ],
          [
            -96.623045,
            32.329842
          ],
          [
            -96.622589,
            32.330061
          ],
          [
            -96.621947,
            32.330371
          ],
          [
            -96.621408,
            32.330642
          ],
          [
            -96.62115,
            32.330771
          ],
          [
            -96.620744,
            32.330973
          ],
          [
            -96.620545,
            32.331071
          ],
          [
            -96.620075,
            32.331303
          ],
          [
            -96.619825,
            32.331426
          ],
          [
            -96.61894,
            32.331861
          ],
          [
            -96.618754,
            32.331951
          ],
          [
            -96.618684,
            32.331985
          ],
          [
            -96.618455,
            32.332119
          ],
          [
            -96.618321,
            32.332198
          ],
          [
            -96.618115,
            32.332316
          ],
          [
            -96.617981,
            32.3324
          ],
          [
            -96.617822,
            32.332501
          ],
          [
            -96.617612,
            32.332648
          ],
          [
            -96.617118,
            32.333072
          ],
          [
            -96.617075,
            32.333108
          ],
          [
            -96.616981,
            32.333186
          ],
          [
            -96.616817,
            32.333321
          ],
          [
            -96.616764,
            32.333365
          ],
          [
            -96.616694,
            32.333449
          ],
          [
            -96.616598,
            32.333546
          ],
          [
            -96.616521,
            32.333614
          ],
          [
            -96.616462,
            32.333684
          ],
          [
            -96.616338,
            32.33381
          ],
          [
            -96.61629,
            32.333867
          ],
          [
            -96.61605,
            32.334151
          ],
          [
            -96.615805,
            32.334445
          ],
          [
            -96.615488,
            32.334825
          ],
          [
            -96.615277,
            32.335079
          ],
          [
            -96.615139,
            32.335245
          ],
          [
            -96.615015,
            32.335395
          ],
          [
            -96.614729,
            32.335739
          ],
          [
            -96.614547,
            32.335957
          ],
          [
            -96.614339,
            32.336208
          ],
          [
            -96.614089,
            32.336484
          ],
          [
            -96.613268,
            32.337491
          ],
          [
            -96.612434,
            32.338511
          ],
          [
            -96.61235,
            32.338613
          ],
          [
            -96.611851,
            32.339202
          ],
          [
            -96.611547,
            32.339568
          ],
          [
            -96.611398,
            32.339726
          ],
          [
            -96.610969,
            32.340114
          ],
          [
            -96.610224,
            32.340688
          ],
          [
            -96.609255,
            32.34131
          ],
          [
            -96.608697,
            32.341669
          ],
          [
            -96.608521,
            32.341782
          ],
          [
            -96.608038,
            32.342092
          ],
          [
            -96.607741,
            32.342282
          ],
          [
            -96.607712,
            32.342301
          ],
          [
            -96.60756,
            32.342397
          ],
          [
            -96.606712,
            32.342928
          ],
          [
            -96.606505,
            32.343058
          ],
          [
            -96.60625,
            32.343226
          ],
          [
            -96.606127,
            32.343302
          ],
          [
            -96.605956,
            32.343408
          ],
          [
            -96.6053,
            32.343814
          ],
          [
            -96.604781,
            32.344137
          ],
          [
            -96.604549,
            32.344281
          ],
          [
            -96.603898,
            32.344696
          ],
          [
            -96.603537,
            32.344928
          ],
          [
            -96.603329,
            32.345067
          ],
          [
            -96.603098,
            32.345216
          ],
          [
            -96.602874,
            32.345352
          ],
          [
            -96.602633,
            32.345503
          ],
          [
            -96.602247,
            32.345745
          ],
          [
            -96.601845,
            32.345996
          ],
          [
            -96.601443,
            32.346249
          ],
          [
            -96.601357,
            32.346303
          ],
          [
            -96.599268,
            32.347622
          ],
          [
            -96.597476,
            32.348736
          ],
          [
            -96.597362,
            32.348813
          ],
          [
            -96.59734,
            32.348832
          ],
          [
            -96.597322,
            32.348847
          ],
          [
            -96.597271,
            32.348869
          ],
          [
            -96.597042,
            32.349012
          ],
          [
            -96.596813,
            32.349153
          ],
          [
            -96.595903,
            32.349731
          ],
          [
            -96.595055,
            32.350264
          ],
          [
            -96.594327,
            32.350721
          ],
          [
            -96.594011,
            32.350928
          ],
          [
            -96.592873,
            32.351643
          ],
          [
            -96.591783,
            32.352327
          ],
          [
            -96.591612,
            32.352432
          ],
          [
            -96.59103,
            32.352792
          ],
          [
            -96.590568,
            32.353077
          ],
          [
            -96.590508,
            32.353118
          ],
          [
            -96.59009,
            32.353389
          ],
          [
            -96.590019,
            32.353433
          ],
          [
            -96.589534,
            32.353732
          ],
          [
            -96.589123,
            32.353973
          ],
          [
            -96.589089,
            32.353993
          ],
          [
            -96.588968,
            32.354064
          ],
          [
            -96.588896,
            32.354104
          ],
          [
            -96.588207,
            32.354469
          ],
          [
            -96.588191,
            32.354477
          ],
          [
            -96.588097,
            32.354522
          ],
          [
            -96.587255,
            32.354919
          ],
          [
            -96.587146,
            32.35497
          ],
          [
            -96.586684,
            32.355194
          ],
          [
            -96.586247,
            32.355407
          ],
          [
            -96.586031,
            32.355513
          ],
          [
            -96.585725,
            32.355662
          ],
          [
            -96.585164,
            32.355935
          ],
          [
            -96.585063,
            32.355984
          ],
          [
            -96.58466,
            32.35618
          ],
          [
            -96.584193,
            32.356406
          ],
          [
            -96.584111,
            32.356448
          ],
          [
            -96.583899,
            32.356552
          ],
          [
            -96.583374,
            32.356814
          ],
          [
            -96.582598,
            32.357188
          ],
          [
            -96.581823,
            32.357563
          ],
          [
            -96.581689,
            32.357628
          ],
          [
            -96.581298,
            32.357818
          ],
          [
            -96.580908,
            32.358009
          ],
          [
            -96.580235,
            32.358334
          ],
          [
            -96.578942,
            32.358935
          ],
          [
            -96.578885,
            32.358964
          ],
          [
            -96.578102,
            32.359358
          ],
          [
            -96.577568,
            32.359628
          ],
          [
            -96.577384,
            32.359717
          ],
          [
            -96.576848,
            32.359976
          ],
          [
            -96.576127,
            32.360323
          ],
          [
            -96.575615,
            32.360569
          ],
          [
            -96.574491,
            32.361109
          ],
          [
            -96.574303,
            32.361199
          ],
          [
            -96.572982,
            32.361834
          ],
          [
            -96.572427,
            32.362102
          ],
          [
            -96.572364,
            32.362132
          ],
          [
            -96.572231,
            32.362193
          ],
          [
            -96.571861,
            32.362373
          ],
          [
            -96.571465,
            32.362564
          ],
          [
            -96.570966,
            32.362812
          ],
          [
            -96.57069,
            32.362949
          ],
          [
            -96.569968,
            32.363308
          ],
          [
            -96.569423,
            32.363572
          ],
          [
            -96.568261,
            32.364134
          ],
          [
            -96.566881,
            32.364798
          ],
          [
            -96.564415,
            32.365986
          ],
          [
            -96.564311,
            32.366036
          ],
          [
            -96.563116,
            32.366622
          ],
          [
            -96.560597,
            32.36785
          ],
          [
            -96.56057,
            32.367863
          ],
          [
            -96.559021,
            32.368609
          ],
          [
            -96.556131,
            32.370012
          ],
          [
            -96.55596,
            32.370095
          ],
          [
            -96.55476,
            32.370649
          ],
          [
            -96.553581,
            32.371203
          ],
          [
            -96.55228,
            32.371799
          ],
          [
            -96.55095,
            32.372437
          ],
          [
            -96.549378,
            32.373207
          ],
          [
            -96.549083,
            32.373361
          ],
          [
            -96.54781,
            32.374018
          ],
          [
            -96.546038,
            32.374882
          ],
          [
            -96.543776,
            32.375971
          ],
          [
            -96.543093,
            32.376302
          ],
          [
            -96.542576,
            32.376536
          ],
          [
            -96.541526,
            32.377011
          ],
          [
            -96.540886,
            32.37727
          ],
          [
            -96.5405,
            32.377426
          ],
          [
            -96.540381,
            32.377463
          ],
          [
            -96.539444,
            32.377747
          ],
          [
            -96.538508,
            32.378034
          ],
          [
            -96.538314,
            32.37809
          ],
          [
            -96.53812,
            32.378148
          ],
          [
            -96.535903,
            32.378791
          ],
          [
            -96.534358,
            32.379264
          ],
          [
            -96.533944,
            32.379376
          ],
          [
            -96.53369,
            32.379451
          ],
          [
            -96.533436,
            32.379524
          ],
          [
            -96.532962,
            32.379666
          ],
          [
            -96.530998,
            32.380255
          ],
          [
            -96.53027,
            32.380463
          ],
          [
            -96.530006,
            32.38054
          ],
          [
            -96.529738,
            32.380611
          ],
          [
            -96.529664,
            32.380631
          ],
          [
            -96.52867,
            32.380924
          ],
          [
            -96.527312,
            32.381328
          ],
          [
            -96.527157,
            32.381071
          ],
          [
            -96.527145,
            32.38105
          ],
          [
            -96.527078,
            32.380975
          ],
          [
            -96.526524,
            32.380657
          ],
          [
            -96.526069,
            32.380466
          ],
          [
            -96.525984,
            32.380428
          ],
          [
            -96.525219,
            32.380088
          ],
          [
            -96.524681,
            32.3799
          ],
          [
            -96.523073,
            32.379193
          ],
          [
            -96.522784,
            32.379064
          ],
          [
            -96.522494,
            32.378928
          ],
          [
            -96.522177,
            32.378719
          ],
          [
            -96.522014,
            32.378611
          ],
          [
            -96.52149,
            32.378255
          ],
          [
            -96.521047,
            32.377954
          ],
          [
            -96.519614,
            32.376983
          ],
          [
            -96.518941,
            32.376517
          ],
          [
            -96.518772,
            32.376399
          ],
          [
            -96.518602,
            32.376282
          ],
          [
            -96.518284,
            32.376061
          ],
          [
            -96.516913,
            32.37513
          ],
          [
            -96.516701,
            32.374986
          ],
          [
            -96.514956,
            32.373784
          ],
          [
            -96.514383,
            32.373382
          ],
          [
            -96.513835,
            32.372997
          ],
          [
            -96.512964,
            32.372379
          ],
          [
            -96.512688,
            32.372199
          ],
          [
            -96.512522,
            32.372111
          ],
          [
            -96.512287,
            32.372029
          ],
          [
            -96.512171,
            32.371982
          ],
          [
            -96.511767,
            32.371901
          ],
          [
            -96.511412,
            32.371888
          ],
          [
            -96.510982,
            32.371919
          ],
          [
            -96.51077,
            32.371939
          ],
          [
            -96.510703,
            32.37195
          ],
          [
            -96.510204,
            32.372033
          ],
          [
            -96.509946,
            32.372058
          ],
          [
            -96.50962,
            32.372065
          ],
          [
            -96.509488,
            32.372054
          ],
          [
            -96.509325,
            32.372031
          ],
          [
            -96.508726,
            32.371935
          ],
          [
            -96.508436,
            32.371899
          ],
          [
            -96.507931,
            32.371834
          ],
          [
            -96.507371,
            32.37178
          ],
          [
            -96.506345,
            32.37164
          ],
          [
            -96.50567,
            32.371553
          ],
          [
            -96.504251,
            32.371363
          ],
          [
            -96.503693,
            32.371281
          ],
          [
            -96.503313,
            32.371231
          ],
          [
            -96.50312,
            32.371194
          ],
          [
            -96.50244,
            32.371087
          ],
          [
            -96.50196,
            32.371031
          ],
          [
            -96.501572,
            32.371021
          ],
          [
            -96.50137,
            32.371052
          ],
          [
            -96.501261,
            32.371091
          ],
          [
            -96.500642,
            32.371384
          ],
          [
            -96.499059,
            32.372177
          ],
          [
            -96.498727,
            32.372333
          ],
          [
            -96.498048,
            32.372675
          ],
          [
            -96.497757,
            32.372822
          ],
          [
            -96.497593,
            32.372899
          ],
          [
            -96.497063,
            32.373152
          ],
          [
            -96.497005,
            32.373177
          ],
          [
            -96.495971,
            32.373677
          ],
          [
            -96.495387,
            32.373953
          ],
          [
            -96.494641,
            32.37433
          ],
          [
            -96.494039,
            32.374619
          ],
          [
            -96.493283,
            32.375003
          ],
          [
            -96.49243,
            32.375408
          ],
          [
            -96.49193,
            32.37562
          ],
          [
            -96.491808,
            32.375648
          ],
          [
            -96.491761,
            32.375644
          ],
          [
            -96.491549,
            32.37564
          ],
          [
            -96.491286,
            32.375625
          ],
          [
            -96.491251,
            32.375623
          ],
          [
            -96.490848,
            32.375551
          ],
          [
            -96.490553,
            32.375478
          ],
          [
            -96.490228,
            32.375256
          ],
          [
            -96.490092,
            32.375149
          ],
          [
            -96.489932,
            32.375003
          ],
          [
            -96.489732,
            32.374705
          ],
          [
            -96.489392,
            32.374237
          ],
          [
            -96.488886,
            32.373547
          ],
          [
            -96.488565,
            32.373146
          ],
          [
            -96.488367,
            32.372884
          ],
          [
            -96.487557,
            32.37202
          ],
          [
            -96.487248,
            32.371709
          ],
          [
            -96.487141,
            32.371617
          ],
          [
            -96.486751,
            32.371283
          ],
          [
            -96.486577,
            32.371105
          ],
          [
            -96.486393,
            32.370942
          ],
          [
            -96.486109,
            32.370649
          ],
          [
            -96.485959,
            32.37051
          ],
          [
            -96.485719,
            32.37024
          ],
          [
            -96.485455,
            32.369869
          ],
          [
            -96.48535,
            32.369687
          ],
          [
            -96.485189,
            32.369408
          ],
          [
            -96.485009,
            32.369061
          ],
          [
            -96.484671,
            32.368479
          ],
          [
            -96.484561,
            32.368254
          ],
          [
            -96.484452,
            32.368035
          ],
          [
            -96.484159,
            32.367497
          ],
          [
            -96.484062,
            32.367348
          ],
          [
            -96.483975,
            32.367242
          ],
          [
            -96.483944,
            32.367206
          ],
          [
            -96.483698,
            32.366978
          ],
          [
            -96.483437,
            32.366784
          ],
          [
            -96.483113,
            32.366562
          ],
          [
            -96.482942,
            32.366433
          ],
          [
            -96.482746,
            32.366286
          ],
          [
            -96.482343,
            32.365983
          ],
          [
            -96.482232,
            32.365882
          ],
          [
            -96.482118,
            32.365744
          ],
          [
            -96.481977,
            32.365536
          ],
          [
            -96.481894,
            32.365392
          ],
          [
            -96.481828,
            32.365237
          ],
          [
            -96.481776,
            32.36504
          ],
          [
            -96.481752,
            32.364835
          ],
          [
            -96.48175,
            32.364697
          ],
          [
            -96.481824,
            32.363757
          ],
          [
            -96.481861,
            32.363464
          ],
          [
            -96.481869,
            32.363404
          ],
          [
            -96.481866,
            32.363235
          ],
          [
            -96.481824,
            32.362969
          ],
          [
            -96.481733,
            32.362627
          ],
          [
            -96.481701,
            32.362533
          ],
          [
            -96.481572,
            32.362174
          ],
          [
            -96.481436,
            32.361846
          ],
          [
            -96.481291,
            32.361617
          ],
          [
            -96.481236,
            32.361529
          ],
          [
            -96.481162,
            32.36141
          ],
          [
            -96.480829,
            32.36104
          ],
          [
            -96.480515,
            32.360714
          ],
          [
            -96.480085,
            32.360298
          ],
          [
            -96.480012,
            32.360228
          ],
          [
            -96.479625,
            32.359768
          ],
          [
            -96.479389,
            32.359462
          ],
          [
            -96.479029,
            32.358925
          ],
          [
            -96.478478,
            32.358134
          ],
          [
            -96.477763,
            32.357065
          ],
          [
            -96.477748,
            32.357045
          ],
          [
            -96.477669,
            32.35694
          ],
          [
            -96.477169,
            32.356209
          ],
          [
            -96.47723,
            32.356122
          ],
          [
            -96.477341,
            32.356029
          ],
          [
            -96.478545,
            32.354833
          ],
          [
            -96.479108,
            32.354292
          ],
          [
            -96.479248,
            32.354179
          ],
          [
            -96.479286,
            32.354169
          ],
          [
            -96.479331,
            32.354173
          ],
          [
            -96.479363,
            32.354188
          ],
          [
            -96.479524,
            32.354371
          ],
          [
            -96.479768,
            32.354722
          ],
          [
            -96.480142,
            32.355288
          ],
          [
            -96.480403,
            32.355652
          ],
          [
            -96.480464,
            32.355721
          ],
          [
            -96.480513,
            32.355756
          ],
          [
            -96.480576,
            32.355759
          ],
          [
            -96.480651,
            32.355742
          ],
          [
            -96.480706,
            32.355711
          ],
          [
            -96.480757,
            32.355663
          ],
          [
            -96.480898,
            32.355496
          ],
          [
            -96.481404,
            32.354961
          ],
          [
            -96.481495,
            32.354895
          ],
          [
            -96.481571,
            32.354855
          ],
          [
            -96.481644,
            32.354816
          ],
          [
            -96.481917,
            32.354698
          ],
          [
            -96.48215,
            32.354616
          ],
          [
            -96.482328,
            32.354581
          ],
          [
            -96.482489,
            32.354588
          ],
          [
            -96.482631,
            32.354613
          ],
          [
            -96.483057,
            32.354746
          ],
          [
            -96.483596,
            32.354914
          ],
          [
            -96.484547,
            32.355196
          ],
          [
            -96.484959,
            32.355317
          ],
          [
            -96.48505,
            32.355353
          ],
          [
            -96.485082,
            32.355377
          ],
          [
            -96.485126,
            32.35541
          ],
          [
            -96.485155,
            32.35544
          ],
          [
            -96.485181,
            32.355503
          ],
          [
            -96.485225,
            32.355755
          ],
          [
            -96.485257,
            32.355789
          ],
          [
            -96.485292,
            32.355804
          ],
          [
            -96.485373,
            32.355817
          ],
          [
            -96.486479,
            32.355598
          ],
          [
            -96.486751,
            32.355552
          ],
          [
            -96.487023,
            32.355504
          ],
          [
            -96.487076,
            32.355494
          ],
          [
            -96.487549,
            32.355404
          ],
          [
            -96.488075,
            32.355293
          ],
          [
            -96.488349,
            32.355235
          ],
          [
            -96.489507,
            32.35502
          ],
          [
            -96.49056,
            32.354815
          ],
          [
            -96.491648,
            32.354628
          ],
          [
            -96.491925,
            32.354571
          ],
          [
            -96.492956,
            32.354413
          ],
          [
            -96.493185,
            32.354395
          ],
          [
            -96.492625,
            32.353562
          ],
          [
            -96.492177,
            32.352869
          ],
          [
            -96.49179,
            32.352287
          ],
          [
            -96.491553,
            32.351949
          ],
          [
            -96.491348,
            32.351764
          ],
          [
            -96.491211,
            32.351638
          ],
          [
            -96.491131,
            32.35154
          ],
          [
            -96.491108,
            32.351453
          ],
          [
            -96.491132,
            32.351372
          ],
          [
            -96.491174,
            32.35131
          ],
          [
            -96.491344,
            32.351116
          ],
          [
            -96.492177,
            32.350323
          ],
          [
            -96.492583,
            32.349906
          ],
          [
            -96.493133,
            32.349408
          ],
          [
            -96.493597,
            32.348946
          ],
          [
            -96.493854,
            32.348707
          ],
          [
            -96.4946,
            32.347916
          ],
          [
            -96.495516,
            32.346995
          ],
          [
            -96.497247,
            32.345271
          ],
          [
            -96.497591,
            32.344939
          ],
          [
            -96.497698,
            32.344836
          ],
          [
            -96.498178,
            32.344369
          ],
          [
            -96.499684,
            32.342847
          ],
          [
            -96.500647,
            32.341881
          ],
          [
            -96.501561,
            32.340956
          ],
          [
            -96.5018,
            32.340717
          ],
          [
            -96.503806,
            32.338716
          ],
          [
            -96.504462,
            32.338062
          ],
          [
            -96.505442,
            32.337108
          ],
          [
            -96.506979,
            32.335594
          ],
          [
            -96.507793,
            32.334777
          ],
          [
            -96.508437,
            32.334133
          ],
          [
            -96.508736,
            32.333838
          ],
          [
            -96.509036,
            32.333545
          ],
          [
            -96.509236,
            32.333343
          ],
          [
            -96.509989,
            32.33256
          ],
          [
            -96.510049,
            32.332508
          ],
          [
            -96.510369,
            32.332203
          ],
          [
            -96.510887,
            32.331669
          ],
          [
            -96.511138,
            32.331429
          ],
          [
            -96.511546,
            32.331017
          ],
          [
            -96.511865,
            32.330696
          ],
          [
            -96.512436,
            32.330103
          ],
          [
            -96.512509,
            32.330041
          ],
          [
            -96.512592,
            32.329996
          ],
          [
            -96.512921,
            32.329875
          ],
          [
            -96.512894,
            32.329803
          ],
          [
            -96.51287,
            32.329686
          ],
          [
            -96.512851,
            32.329572
          ],
          [
            -96.512846,
            32.329476
          ],
          [
            -96.512854,
            32.329354
          ],
          [
            -96.512862,
            32.329323
          ],
          [
            -96.512884,
            32.329298
          ],
          [
            -96.512924,
            32.329237
          ],
          [
            -96.513063,
            32.329076
          ],
          [
            -96.513147,
            32.328984
          ],
          [
            -96.513254,
            32.328865
          ],
          [
            -96.513324,
            32.328788
          ],
          [
            -96.513574,
            32.3285
          ],
          [
            -96.514096,
            32.327873
          ],
          [
            -96.514274,
            32.327647
          ],
          [
            -96.514361,
            32.327577
          ],
          [
            -96.514541,
            32.327489
          ],
          [
            -96.514642,
            32.327465
          ],
          [
            -96.515062,
            32.327459
          ],
          [
            -96.515225,
            32.32745
          ],
          [
            -96.515278,
            32.327438
          ],
          [
            -96.515342,
            32.327414
          ],
          [
            -96.515427,
            32.327364
          ],
          [
            -96.515493,
            32.327293
          ],
          [
            -96.515693,
            32.327093
          ],
          [
            -96.516051,
            32.326711
          ],
          [
            -96.517114,
            32.325618
          ],
          [
            -96.517324,
            32.325381
          ],
          [
            -96.517613,
            32.325084
          ],
          [
            -96.519543,
            32.323096
          ],
          [
            -96.519814,
            32.322821
          ],
          [
            -96.521103,
            32.321514
          ],
          [
            -96.521462,
            32.321147
          ],
          [
            -96.521847,
            32.320728
          ],
          [
            -96.522119,
            32.320433
          ],
          [
            -96.522301,
            32.320235
          ],
          [
            -96.52274,
            32.319775
          ],
          [
            -96.522802,
            32.319711
          ],
          [
            -96.52285,
            32.31966
          ],
          [
            -96.523198,
            32.319298
          ],
          [
            -96.52324,
            32.319254
          ],
          [
            -96.524203,
            32.318284
          ],
          [
            -96.524785,
            32.317668
          ],
          [
            -96.52537,
            32.317053
          ],
          [
            -96.525922,
            32.317383
          ],
          [
            -96.526524,
            32.317766
          ],
          [
            -96.526554,
            32.31778
          ],
          [
            -96.526861,
            32.317974
          ],
          [
            -96.527593,
            32.318458
          ],
          [
            -96.527871,
            32.31866
          ],
          [
            -96.528496,
            32.319144
          ],
          [
            -96.5288,
            32.319409
          ],
          [
            -96.529974,
            32.320357
          ],
          [
            -96.530896,
            32.321073
          ],
          [
            -96.531206,
            32.321328
          ],
          [
            -96.531834,
            32.321831
          ],
          [
            -96.533552,
            32.323208
          ],
          [
            -96.533837,
            32.323425
          ],
          [
            -96.5339,
            32.323468
          ],
          [
            -96.534014,
            32.323546
          ],
          [
            -96.534257,
            32.323696
          ],
          [
            -96.534424,
            32.323772
          ],
          [
            -96.534959,
            32.323998
          ],
          [
            -96.535523,
            32.324193
          ],
          [
            -96.536253,
            32.324388
          ],
          [
            -96.536691,
            32.324461
          ],
          [
            -96.536776,
            32.32447
          ],
          [
            -96.537174,
            32.324502
          ],
          [
            -96.537618,
            32.324527
          ],
          [
            -96.53807,
            32.324513
          ],
          [
            -96.538975,
            32.32439
          ],
          [
            -96.539111,
            32.324368
          ],
          [
            -96.539512,
            32.324278
          ],
          [
            -96.54006,
            32.324105
          ],
          [
            -96.540462,
            32.323932
          ],
          [
            -96.540796,
            32.323767
          ],
          [
            -96.54148,
            32.323428
          ],
          [
            -96.542028,
            32.323124
          ],
          [
            -96.544783,
            32.32171
          ],
          [
            -96.545929,
            32.321143
          ],
          [
            -96.546117,
            32.321058
          ],
          [
            -96.546462,
            32.320901
          ],
          [
            -96.547734,
            32.320318
          ],
          [
            -96.548449,
            32.319997
          ],
          [
            -96.548615,
            32.319922
          ],
          [
            -96.549005,
            32.319746
          ],
          [
            -96.550682,
            32.318927
          ],
          [
            -96.551214,
            32.318651
          ],
          [
            -96.551593,
            32.318455
          ],
          [
            -96.551955,
            32.318297
          ],
          [
            -96.55223,
            32.318178
          ],
          [
            -96.552554,
            32.318066
          ],
          [
            -96.552819,
            32.317981
          ],
          [
            -96.552862,
            32.317967
          ],
          [
            -96.552948,
            32.317939
          ],
          [
            -96.553451,
            32.317831
          ],
          [
            -96.553789,
            32.317776
          ],
          [
            -96.554108,
            32.317738
          ],
          [
            -96.554403,
            32.317712
          ],
          [
            -96.55483,
            32.317707
          ],
          [
            -96.555589,
            32.317726
          ],
          [
            -96.559029,
            32.317986
          ],
          [
            -96.560433,
            32.318123
          ],
          [
            -96.56084,
            32.318171
          ],
          [
            -96.561434,
            32.318171
          ],
          [
            -96.561906,
            32.318134
          ],
          [
            -96.562569,
            32.318028
          ],
          [
            -96.562654,
            32.318007
          ],
          [
            -96.563261,
            32.317853
          ],
          [
            -96.563631,
            32.317739
          ],
          [
            -96.563787,
            32.317678
          ],
          [
            -96.564635,
            32.317282
          ],
          [
            -96.565486,
            32.316867
          ],
          [
            -96.566077,
            32.316579
          ],
          [
            -96.566809,
            32.316229
          ],
          [
            -96.567022,
            32.316128
          ],
          [
            -96.568116,
            32.315607
          ],
          [
            -96.568222,
            32.315556
          ],
          [
            -96.569412,
            32.314959
          ],
          [
            -96.570442,
            32.314467
          ],
          [
            -96.570622,
            32.314371
          ],
          [
            -96.571364,
            32.314017
          ],
          [
            -96.571969,
            32.313701
          ],
          [
            -96.572066,
            32.313651
          ],
          [
            -96.573995,
            32.312713
          ],
          [
            -96.574085,
            32.31267
          ],
          [
            -96.576603,
            32.311409
          ],
          [
            -96.578098,
            32.310674
          ],
          [
            -96.578444,
            32.310501
          ],
          [
            -96.579113,
            32.310167
          ],
          [
            -96.579183,
            32.310132
          ],
          [
            -96.582466,
            32.308502
          ],
          [
            -96.582869,
            32.308313
          ],
          [
            -96.583032,
            32.308248
          ],
          [
            -96.583189,
            32.308195
          ],
          [
            -96.583335,
            32.30816
          ],
          [
            -96.583545,
            32.308118
          ],
          [
            -96.583794,
            32.308082
          ],
          [
            -96.583996,
            32.308065
          ],
          [
            -96.584245,
            32.308063
          ],
          [
            -96.584455,
            32.308076
          ],
          [
            -96.584728,
            32.308105
          ],
          [
            -96.584922,
            32.308144
          ],
          [
            -96.58517,
            32.308206
          ],
          [
            -96.585404,
            32.308282
          ],
          [
            -96.585648,
            32.308384
          ],
          [
            -96.585886,
            32.308501
          ],
          [
            -96.588344,
            32.309959
          ],
          [
            -96.590052,
            32.310946
          ],
          [
            -96.590385,
            32.311151
          ],
          [
            -96.590734,
            32.311367
          ],
          [
            -96.59178,
            32.312012
          ],
          [
            -96.592015,
            32.312157
          ],
          [
            -96.592527,
            32.312398
          ],
          [
            -96.59275,
            32.312502
          ],
          [
            -96.593052,
            32.312555
          ],
          [
            -96.593271,
            32.312581
          ],
          [
            -96.593504,
            32.312584
          ],
          [
            -96.593733,
            32.31257
          ],
          [
            -96.593985,
            32.312544
          ],
          [
            -96.594394,
            32.312462
          ],
          [
            -96.594535,
            32.312434
          ],
          [
            -96.594647,
            32.31239
          ],
          [
            -96.594676,
            32.312379
          ],
          [
            -96.594855,
            32.312289
          ],
          [
            -96.595196,
            32.312063
          ],
          [
            -96.595304,
            32.311979
          ],
          [
            -96.595343,
            32.311949
          ],
          [
            -96.595443,
            32.311838
          ],
          [
            -96.595565,
            32.311672
          ],
          [
            -96.596219,
            32.310785
          ],
          [
            -96.596645,
            32.31106
          ],
          [
            -96.598595,
            32.312552
          ],
          [
            -96.598819,
            32.312773
          ],
          [
            -96.599002,
            32.312937
          ],
          [
            -96.59924,
            32.313174
          ],
          [
            -96.600068,
            32.314104
          ],
          [
            -96.60086,
            32.315047
          ],
          [
            -96.601712,
            32.316091
          ],
          [
            -96.600033,
            32.316914
          ],
          [
            -96.598464,
            32.31768
          ],
          [
            -96.598185,
            32.317816
          ],
          [
            -96.597941,
            32.317936
          ],
          [
            -96.597728,
            32.318043
          ],
          [
            -96.597294,
            32.318261
          ],
          [
            -96.59696,
            32.318431
          ],
          [
            -96.59679,
            32.318407
          ],
          [
            -96.595628,
            32.318188
          ],
          [
            -96.595018,
            32.318077
          ],
          [
            -96.594606,
            32.318004
          ],
          [
            -96.594309,
            32.317954
          ],
          [
            -96.592799,
            32.317693
          ],
          [
            -96.592637,
            32.317665
          ],
          [
            -96.592344,
            32.317614
          ],
          [
            -96.590562,
            32.317259
          ],
          [
            -96.590238,
            32.317199
          ],
          [
            -96.590213,
            32.317194
          ],
          [
            -96.589678,
            32.317093
          ],
          [
            -96.588978,
            32.316971
          ],
          [
            -96.588835,
            32.317078
          ],
          [
            -96.588706,
            32.317138
          ],
          [
            -96.588122,
            32.317419
          ],
          [
            -96.587538,
            32.317697
          ],
          [
            -96.587044,
            32.317933
          ],
          [
            -96.585507,
            32.318665
          ],
          [
            -96.583553,
            32.319609
          ],
          [
            -96.583043,
            32.319854
          ],
          [
            -96.582525,
            32.320104
          ],
          [
            -96.581704,
            32.320507
          ],
          [
            -96.581373,
            32.320667
          ],
          [
            -96.581011,
            32.320845
          ],
          [
            -96.580809,
            32.320945
          ],
          [
            -96.580422,
            32.321138
          ],
          [
            -96.578941,
            32.321876
          ],
          [
            -96.578401,
            32.322153
          ],
          [
            -96.578012,
            32.32235
          ],
          [
            -96.57777,
            32.322473
          ],
          [
            -96.577649,
            32.322537
          ],
          [
            -96.577527,
            32.322599
          ],
          [
            -96.576726,
            32.32302
          ],
          [
            -96.576537,
            32.323129
          ],
          [
            -96.57596,
            32.323421
          ],
          [
            -96.575429,
            32.32369
          ],
          [
            -96.57519,
            32.323805
          ],
          [
            -96.575086,
            32.32387
          ],
          [
            -96.575033,
            32.323926
          ],
          [
            -96.575031,
            32.323947
          ],
          [
            -96.575027,
            32.324007
          ],
          [
            -96.57504,
            32.324059
          ],
          [
            -96.575151,
            32.32427
          ],
          [
            -96.575713,
            32.325074
          ],
          [
            -96.576302,
            32.325943
          ],
          [
            -96.576166,
            32.326019
          ],
          [
            -96.576092,
            32.326021
          ],
          [
            -96.576039,
            32.325978
          ],
          [
            -96.575932,
            32.325824
          ],
          [
            -96.576039,
            32.325978
          ],
          [
            -96.576092,
            32.326021
          ],
          [
            -96.576166,
            32.326019
          ],
          [
            -96.576302,
            32.325943
          ],
          [
            -96.575713,
            32.325074
          ],
          [
            -96.575151,
            32.32427
          ],
          [
            -96.57504,
            32.324059
          ],
          [
            -96.575027,
            32.324007
          ],
          [
            -96.575033,
            32.323926
          ],
          [
            -96.575086,
            32.32387
          ],
          [
            -96.57519,
            32.323805
          ],
          [
            -96.575429,
            32.32369
          ],
          [
            -96.57596,
            32.323421
          ],
          [
            -96.576537,
            32.323129
          ],
          [
            -96.576726,
            32.32302
          ],
          [
            -96.577527,
            32.322599
          ],
          [
            -96.577649,
            32.322537
          ],
          [
            -96.57777,
            32.322473
          ],
          [
            -96.578012,
            32.32235
          ],
          [
            -96.578401,
            32.322153
          ],
          [
            -96.578941,
            32.321876
          ],
          [
            -96.580422,
            32.321138
          ],
          [
            -96.580809,
            32.320945
          ],
          [
            -96.581011,
            32.320845
          ],
          [
            -96.581373,
            32.320667
          ],
          [
            -96.581704,
            32.320507
          ],
          [
            -96.582525,
            32.320104
          ],
          [
            -96.583043,
            32.319854
          ],
          [
            -96.583553,
            32.319609
          ],
          [
            -96.585507,
            32.318665
          ],
          [
            -96.587044,
            32.317933
          ],
          [
            -96.587538,
            32.317697
          ],
          [
            -96.588122,
            32.317419
          ],
          [
            -96.588706,
            32.317138
          ],
          [
            -96.588835,
            32.317078
          ],
          [
            -96.588978,
            32.316971
          ],
          [
            -96.589678,
            32.317093
          ],
          [
            -96.590213,
            32.317194
          ],
          [
            -96.590217,
            32.317195
          ],
          [
            -96.590238,
            32.317199
          ],
          [
            -96.590562,
            32.317259
          ],
          [
            -96.592344,
            32.317614
          ],
          [
            -96.592637,
            32.317665
          ],
          [
            -96.592799,
            32.317693
          ],
          [
            -96.594309,
            32.317954
          ],
          [
            -96.594606,
            32.318004
          ],
          [
            -96.595018,
            32.318077
          ],
          [
            -96.595628,
            32.318188
          ],
          [
            -96.59679,
            32.318407
          ],
          [
            -96.59696,
            32.318431
          ],
          [
            -96.597294,
            32.318261
          ],
          [
            -96.597728,
            32.318043
          ],
          [
            -96.597941,
            32.317936
          ],
          [
            -96.598185,
            32.317816
          ],
          [
            -96.598464,
            32.31768
          ],
          [
            -96.600033,
            32.316914
          ],
          [
            -96.601712,
            32.316091
          ],
          [
            -96.60245,
            32.316946
          ],
          [
            -96.603218,
            32.317873
          ],
          [
            -96.604813,
            32.319771
          ],
          [
            -96.605592,
            32.320726
          ],
          [
            -96.606238,
            32.321594
          ],
          [
            -96.60631,
            32.321691
          ],
          [
            -96.60638,
            32.32179
          ],
          [
            -96.606663,
            32.322191
          ],
          [
            -96.607039,
            32.322725
          ],
          [
            -96.607172,
            32.32291
          ],
          [
            -96.607513,
            32.323386
          ],
          [
            -96.607673,
            32.323611
          ],
          [
            -96.607884,
            32.323934
          ],
          [
            -96.608008,
            32.324123
          ],
          [
            -96.608983,
            32.325461
          ],
          [
            -96.608478,
            32.325694
          ],
          [
            -96.607909,
            32.325992
          ],
          [
            -96.607836,
            32.326009
          ],
          [
            -96.607708,
            32.326023
          ],
          [
            -96.60756,
            32.326023
          ],
          [
            -96.607484,
            32.326003
          ],
          [
            -96.607304,
            32.325933
          ],
          [
            -96.607259,
            32.325906
          ],
          [
            -96.607189,
            32.32585
          ],
          [
            -96.607036,
            32.325628
          ],
          [
            -96.608453,
            32.324981
          ],
          [
            -96.609331,
            32.324529
          ],
          [
            -96.610096,
            32.324126
          ],
          [
            -96.610023,
            32.324039
          ],
          [
            -96.609965,
            32.323983
          ],
          [
            -96.609884,
            32.323932
          ],
          [
            -96.609815,
            32.323908
          ],
          [
            -96.609724,
            32.323891
          ],
          [
            -96.6096,
            32.323922
          ],
          [
            -96.609308,
            32.324095
          ],
          [
            -96.608969,
            32.324259
          ],
          [
            -96.608806,
            32.324056
          ],
          [
            -96.60875,
            32.323981
          ],
          [
            -96.608523,
            32.323642
          ],
          [
            -96.608033,
            32.322961
          ],
          [
            -96.607721,
            32.322617
          ],
          [
            -96.607637,
            32.322511
          ],
          [
            -96.607379,
            32.322184
          ],
          [
            -96.607067,
            32.321789
          ],
          [
            -96.606868,
            32.32165
          ],
          [
            -96.605852,
            32.320314
          ],
          [
            -96.605731,
            32.320163
          ],
          [
            -96.605327,
            32.31968
          ],
          [
            -96.604759,
            32.318984
          ],
          [
            -96.60216,
            32.315874
          ],
          [
            -96.600186,
            32.313489
          ],
          [
            -96.599878,
            32.313161
          ],
          [
            -96.599616,
            32.312891
          ],
          [
            -96.599203,
            32.312501
          ],
          [
            -96.598864,
            32.312196
          ],
          [
            -96.598393,
            32.311781
          ],
          [
            -96.597215,
            32.310903
          ],
          [
            -96.596555,
            32.310436
          ],
          [
            -96.595822,
            32.309967
          ],
          [
            -96.595184,
            32.309613
          ],
          [
            -96.594751,
            32.309393
          ],
          [
            -96.594415,
            32.309219
          ],
          [
            -96.585351,
            32.305031
          ],
          [
            -96.583953,
            32.304383
          ],
          [
            -96.575783,
            32.300568
          ],
          [
            -96.57275,
            32.299211
          ],
          [
            -96.572459,
            32.29907
          ],
          [
            -96.564652,
            32.295465
          ],
          [
            -96.562012,
            32.294238
          ],
          [
            -96.561353,
            32.293931
          ],
          [
            -96.552322,
            32.289751
          ],
          [
            -96.550546,
            32.288925
          ],
          [
            -96.547852,
            32.287827
          ],
          [
            -96.547219,
            32.287554
          ],
          [
            -96.546039,
            32.287002
          ],
          [
            -96.545758,
            32.28687
          ],
          [
            -96.545256,
            32.286639
          ],
          [
            -96.54469,
            32.286383
          ],
          [
            -96.544152,
            32.286127
          ],
          [
            -96.542719,
            32.28542
          ],
          [
            -96.542084,
            32.285097
          ],
          [
            -96.541766,
            32.284944
          ],
          [
            -96.541685,
            32.284897
          ],
          [
            -96.541432,
            32.284767
          ],
          [
            -96.540661,
            32.284385
          ],
          [
            -96.539922,
            32.284014
          ],
          [
            -96.539729,
            32.283932
          ],
          [
            -96.538059,
            32.28316
          ],
          [
            -96.536665,
            32.282522
          ],
          [
            -96.532962,
            32.280803
          ],
          [
            -96.532595,
            32.280636
          ],
          [
            -96.527156,
            32.278124
          ],
          [
            -96.525729,
            32.277453
          ],
          [
            -96.525383,
            32.27729
          ],
          [
            -96.521908,
            32.275684
          ],
          [
            -96.521442,
            32.275472
          ],
          [
            -96.520857,
            32.275202
          ],
          [
            -96.520772,
            32.275157
          ],
          [
            -96.518252,
            32.273993
          ],
          [
            -96.517193,
            32.27338
          ],
          [
            -96.516256,
            32.272876
          ],
          [
            -96.515654,
            32.27253
          ],
          [
            -96.514986,
            32.27223
          ],
          [
            -96.514341,
            32.271915
          ],
          [
            -96.514037,
            32.27176
          ],
          [
            -96.513654,
            32.271546
          ],
          [
            -96.513258,
            32.271308
          ],
          [
            -96.512819,
            32.27096
          ],
          [
            -96.512658,
            32.270829
          ],
          [
            -96.512507,
            32.270691
          ],
          [
            -96.512301,
            32.270517
          ],
          [
            -96.512362,
            32.270451
          ],
          [
            -96.512399,
            32.270411
          ],
          [
            -96.51248,
            32.270328
          ],
          [
            -96.512564,
            32.270247
          ],
          [
            -96.512652,
            32.270169
          ],
          [
            -96.512676,
            32.270151
          ],
          [
            -96.512701,
            32.270134
          ],
          [
            -96.512727,
            32.270118
          ],
          [
            -96.512754,
            32.270104
          ],
          [
            -96.512782,
            32.27009
          ],
          [
            -96.512812,
            32.270078
          ],
          [
            -96.512842,
            32.270068
          ],
          [
            -96.512873,
            32.270058
          ],
          [
            -96.512905,
            32.270051
          ],
          [
            -96.512937,
            32.270046
          ],
          [
            -96.51297,
            32.270043
          ],
          [
            -96.513002,
            32.270042
          ],
          [
            -96.513035,
            32.270042
          ],
          [
            -96.513068,
            32.270044
          ],
          [
            -96.513101,
            32.270047
          ],
          [
            -96.513133,
            32.270051
          ],
          [
            -96.513165,
            32.270058
          ],
          [
            -96.513196,
            32.270066
          ],
          [
            -96.513226,
            32.270075
          ],
          [
            -96.513256,
            32.270086
          ],
          [
            -96.513288,
            32.270101
          ],
          [
            -96.513318,
            32.270117
          ],
          [
            -96.513348,
            32.270134
          ],
          [
            -96.513376,
            32.270154
          ],
          [
            -96.513402,
            32.270175
          ],
          [
            -96.513426,
            32.270198
          ],
          [
            -96.513448,
            32.270222
          ],
          [
            -96.513469,
            32.270247
          ],
          [
            -96.513487,
            32.270273
          ],
          [
            -96.513504,
            32.2703
          ],
          [
            -96.513518,
            32.270328
          ],
          [
            -96.51353,
            32.270356
          ],
          [
            -96.513539,
            32.270385
          ],
          [
            -96.513548,
            32.270414
          ],
          [
            -96.513552,
            32.270445
          ],
          [
            -96.513555,
            32.270474
          ],
          [
            -96.513556,
            32.270504
          ],
          [
            -96.513554,
            32.270534
          ],
          [
            -96.51355,
            32.270563
          ],
          [
            -96.513543,
            32.270592
          ],
          [
            -96.513534,
            32.27062
          ],
          [
            -96.513524,
            32.270648
          ],
          [
            -96.51351,
            32.270675
          ],
          [
            -96.513495,
            32.270702
          ],
          [
            -96.513479,
            32.270728
          ],
          [
            -96.51346,
            32.270752
          ],
          [
            -96.51344,
            32.270776
          ],
          [
            -96.513414,
            32.270806
          ],
          [
            -96.513388,
            32.270834
          ],
          [
            -96.513267,
            32.270961
          ],
          [
            -96.512492,
            32.271769
          ],
          [
            -96.512352,
            32.271912
          ],
          [
            -96.51232,
            32.271947
          ],
          [
            -96.512288,
            32.271983
          ],
          [
            -96.512273,
            32.272001
          ],
          [
            -96.512258,
            32.27202
          ],
          [
            -96.512244,
            32.272038
          ],
          [
            -96.51223,
            32.272058
          ],
          [
            -96.512219,
            32.272078
          ],
          [
            -96.51221,
            32.272099
          ],
          [
            -96.512201,
            32.27212
          ],
          [
            -96.512194,
            32.272141
          ],
          [
            -96.512188,
            32.272163
          ],
          [
            -96.512183,
            32.272185
          ],
          [
            -96.512181,
            32.272208
          ],
          [
            -96.51218,
            32.27223
          ],
          [
            -96.512179,
            32.272252
          ],
          [
            -96.51218,
            32.272274
          ],
          [
            -96.512182,
            32.272296
          ],
          [
            -96.512186,
            32.272318
          ],
          [
            -96.512192,
            32.27234
          ],
          [
            -96.5122,
            32.272361
          ],
          [
            -96.512209,
            32.272382
          ],
          [
            -96.512219,
            32.272402
          ],
          [
            -96.512242,
            32.272441
          ],
          [
            -96.512266,
            32.27248
          ],
          [
            -96.512291,
            32.272518
          ],
          [
            -96.512318,
            32.272556
          ],
          [
            -96.512414,
            32.272687
          ],
          [
            -96.512507,
            32.272813
          ],
          [
            -96.511557,
            32.273297
          ],
          [
            -96.511056,
            32.273562
          ],
          [
            -96.510783,
            32.273718
          ],
          [
            -96.510463,
            32.27394
          ],
          [
            -96.510261,
            32.274106
          ],
          [
            -96.51001,
            32.274338
          ],
          [
            -96.509082,
            32.275239
          ],
          [
            -96.508671,
            32.275643
          ],
          [
            -96.508217,
            32.276053
          ],
          [
            -96.507192,
            32.277018
          ],
          [
            -96.506285,
            32.277848
          ],
          [
            -96.505531,
            32.278486
          ],
          [
            -96.505429,
            32.278564
          ],
          [
            -96.505325,
            32.278644
          ],
          [
            -96.505464,
            32.278782
          ],
          [
            -96.505531,
            32.278864
          ],
          [
            -96.505537,
            32.278909
          ],
          [
            -96.505514,
            32.27895
          ],
          [
            -96.505472,
            32.278982
          ],
          [
            -96.50543,
            32.279009
          ],
          [
            -96.50537,
            32.279018
          ],
          [
            -96.505326,
            32.279003
          ],
          [
            -96.505205,
            32.278909
          ],
          [
            -96.505102,
            32.278815
          ],
          [
            -96.505325,
            32.278644
          ],
          [
            -96.505531,
            32.278486
          ],
          [
            -96.506285,
            32.277848
          ],
          [
            -96.507192,
            32.277018
          ],
          [
            -96.508217,
            32.276053
          ],
          [
            -96.508671,
            32.275643
          ],
          [
            -96.509082,
            32.275239
          ],
          [
            -96.51001,
            32.274338
          ],
          [
            -96.510261,
            32.274106
          ],
          [
            -96.510463,
            32.27394
          ],
          [
            -96.510783,
            32.273718
          ],
          [
            -96.511056,
            32.273562
          ],
          [
            -96.511557,
            32.273297
          ],
          [
            -96.512507,
            32.272813
          ],
          [
            -96.513527,
            32.272293
          ],
          [
            -96.513633,
            32.272239
          ],
          [
            -96.513713,
            32.272285
          ],
          [
            -96.514025,
            32.272454
          ],
          [
            -96.514566,
            32.27273
          ],
          [
            -96.515468,
            32.273165
          ],
          [
            -96.515604,
            32.273227
          ],
          [
            -96.515923,
            32.273338
          ],
          [
            -96.516161,
            32.273422
          ],
          [
            -96.516287,
            32.273465
          ],
          [
            -96.516411,
            32.27351
          ],
          [
            -96.516533,
            32.273557
          ],
          [
            -96.516653,
            32.273605
          ],
          [
            -96.516769,
            32.273654
          ],
          [
            -96.517057,
            32.273676
          ],
          [
            -96.53596,
            32.282427
          ],
          [
            -96.539126,
            32.283892
          ],
          [
            -96.539692,
            32.284155
          ],
          [
            -96.540258,
            32.284424
          ],
          [
            -96.540816,
            32.284696
          ],
          [
            -96.541485,
            32.285028
          ],
          [
            -96.542813,
            32.285703
          ],
          [
            -96.543371,
            32.28598
          ],
          [
            -96.543934,
            32.286255
          ],
          [
            -96.544499,
            32.286525
          ],
          [
            -96.544953,
            32.286738
          ],
          [
            -96.545201,
            32.286851
          ],
          [
            -96.545655,
            32.28706
          ],
          [
            -96.546211,
            32.287317
          ],
          [
            -96.546784,
            32.287574
          ],
          [
            -96.547355,
            32.287826
          ],
          [
            -96.547934,
            32.288075
          ],
          [
            -96.548515,
            32.288319
          ],
          [
            -96.549092,
            32.288559
          ],
          [
            -96.549675,
            32.288804
          ],
          [
            -96.550246,
            32.289051
          ],
          [
            -96.550819,
            32.289304
          ],
          [
            -96.551391,
            32.289562
          ],
          [
            -96.551958,
            32.289822
          ],
          [
            -96.559342,
            32.293237
          ],
          [
            -96.566497,
            32.296547
          ],
          [
            -96.58274,
            32.304051
          ],
          [
            -96.584353,
            32.304795
          ],
          [
            -96.594248,
            32.309367
          ],
          [
            -96.594468,
            32.309476
          ],
          [
            -96.594691,
            32.309589
          ],
          [
            -96.594908,
            32.309702
          ],
          [
            -96.595128,
            32.309822
          ],
          [
            -96.595341,
            32.309941
          ],
          [
            -96.595557,
            32.310064
          ],
          [
            -96.595767,
            32.310187
          ],
          [
            -96.595977,
            32.310314
          ],
          [
            -96.596298,
            32.310515
          ],
          [
            -96.596399,
            32.310579
          ],
          [
            -96.596604,
            32.310713
          ],
          [
            -96.59681,
            32.310856
          ],
          [
            -96.596994,
            32.310985
          ],
          [
            -96.597194,
            32.311126
          ],
          [
            -96.597392,
            32.311271
          ],
          [
            -96.597588,
            32.311418
          ],
          [
            -96.597776,
            32.311564
          ],
          [
            -96.597965,
            32.311715
          ],
          [
            -96.598153,
            32.311867
          ],
          [
            -96.598336,
            32.312024
          ],
          [
            -96.598514,
            32.31218
          ],
          [
            -96.59869,
            32.31234
          ],
          [
            -96.598866,
            32.312502
          ],
          [
            -96.599037,
            32.312664
          ],
          [
            -96.599207,
            32.312831
          ],
          [
            -96.599375,
            32.312999
          ],
          [
            -96.599536,
            32.313167
          ],
          [
            -96.599695,
            32.313336
          ],
          [
            -96.599856,
            32.313512
          ],
          [
            -96.600008,
            32.313686
          ],
          [
            -96.600163,
            32.313867
          ],
          [
            -96.600312,
            32.314046
          ],
          [
            -96.6051,
            32.319783
          ],
          [
            -96.605325,
            32.320055
          ],
          [
            -96.605548,
            32.320332
          ],
          [
            -96.605761,
            32.3206
          ],
          [
            -96.605978,
            32.320876
          ],
          [
            -96.606188,
            32.321153
          ],
          [
            -96.606394,
            32.321434
          ],
          [
            -96.60658,
            32.321775
          ],
          [
            -96.607513,
            32.323327
          ],
          [
            -96.607513,
            32.323386
          ],
          [
            -96.607673,
            32.323611
          ],
          [
            -96.607884,
            32.323934
          ],
          [
            -96.608008,
            32.324123
          ],
          [
            -96.608983,
            32.325461
          ],
          [
            -96.608478,
            32.325694
          ],
          [
            -96.607909,
            32.325992
          ],
          [
            -96.607836,
            32.326009
          ],
          [
            -96.607708,
            32.326023
          ],
          [
            -96.60756,
            32.326023
          ],
          [
            -96.607484,
            32.326003
          ],
          [
            -96.607304,
            32.325933
          ],
          [
            -96.607259,
            32.325906
          ],
          [
            -96.607189,
            32.32585
          ],
          [
            -96.607036,
            32.325628
          ],
          [
            -96.602323,
            32.327898
          ],
          [
            -96.601127,
            32.328474
          ],
          [
            -96.600769,
            32.328647
          ],
          [
            -96.599164,
            32.329421
          ],
          [
            -96.59806,
            32.329952
          ],
          [
            -96.597802,
            32.330077
          ],
          [
            -96.598085,
            32.330456
          ],
          [
            -96.598124,
            32.330458
          ],
          [
            -96.598085,
            32.330456
          ],
          [
            -96.597802,
            32.330077
          ],
          [
            -96.59806,
            32.329952
          ],
          [
            -96.599164,
            32.329421
          ],
          [
            -96.601127,
            32.328474
          ],
          [
            -96.602323,
            32.327898
          ],
          [
            -96.607036,
            32.325628
          ],
          [
            -96.608453,
            32.324981
          ],
          [
            -96.609331,
            32.324529
          ],
          [
            -96.610096,
            32.324126
          ],
          [
            -96.610999,
            32.323639
          ],
          [
            -96.611204,
            32.323535
          ],
          [
            -96.612003,
            32.323146
          ],
          [
            -96.61234,
            32.322972
          ],
          [
            -96.612657,
            32.322823
          ],
          [
            -96.61327,
            32.322524
          ],
          [
            -96.613622,
            32.322342
          ],
          [
            -96.614377,
            32.321973
          ],
          [
            -96.615468,
            32.321426
          ],
          [
            -96.616155,
            32.32108
          ],
          [
            -96.616385,
            32.320959
          ],
          [
            -96.616888,
            32.320708
          ],
          [
            -96.617248,
            32.320522
          ],
          [
            -96.61727,
            32.320511
          ],
          [
            -96.617661,
            32.320318
          ],
          [
            -96.617721,
            32.32029
          ],
          [
            -96.617924,
            32.320183
          ],
          [
            -96.618381,
            32.320614
          ],
          [
            -96.618494,
            32.320728
          ],
          [
            -96.618694,
            32.320929
          ],
          [
            -96.618846,
            32.321092
          ],
          [
            -96.618939,
            32.32121
          ],
          [
            -96.618951,
            32.321226
          ],
          [
            -96.619037,
            32.321341
          ],
          [
            -96.61918,
            32.321535
          ],
          [
            -96.619329,
            32.321736
          ],
          [
            -96.61944,
            32.321883
          ],
          [
            -96.619747,
            32.322313
          ],
          [
            -96.619822,
            32.322419
          ],
          [
            -96.619976,
            32.322635
          ],
          [
            -96.620231,
            32.322999
          ],
          [
            -96.620562,
            32.323479
          ],
          [
            -96.620665,
            32.323622
          ],
          [
            -96.621232,
            32.324453
          ],
          [
            -96.621738,
            32.325195
          ],
          [
            -96.621869,
            32.325382
          ],
          [
            -96.62199,
            32.325554
          ],
          [
            -96.622018,
            32.325593
          ],
          [
            -96.622048,
            32.325638
          ],
          [
            -96.622278,
            32.325981
          ],
          [
            -96.62232,
            32.326043
          ],
          [
            -96.622818,
            32.326774
          ],
          [
            -96.623356,
            32.327554
          ],
          [
            -96.623889,
            32.328346
          ],
          [
            -96.624108,
            32.328647
          ],
          [
            -96.624156,
            32.328716
          ],
          [
            -96.624461,
            32.329153
          ],
          [
            -96.624698,
            32.329029
          ],
          [
            -96.624916,
            32.328924
          ],
          [
            -96.625365,
            32.328708
          ],
          [
            -96.625611,
            32.329078
          ],
          [
            -96.625695,
            32.329214
          ]
        ],
        "type": "LineString"
      },
      "properties": {
        "loop": "south",
        "name": "South Bluebonnet Trail",
        "color": "#388E3C",
        "distanceMiles": 44.1,
        "approximate": true,
        "note": "Roads sourced from the official 2018 Ennis Bluebonnet Trails & Festival map (Ennis Garden Club, mirrored via travellatte.net). Waypoint order along the South Trail (purple on the source map) was interpreted from the map graphic \u2014 FM 1181 near Telico, Walker Creek Rd, FM 85, Hornik Rd, Valek Rd, FM 249, and Creechville Rd \u2014 then connected with real roads via OSRM. Exact turn sequence may not perfectly match the current official trail; confirm with a current-year map at the Welcome Center."
      }
    },
    {
      "type": "Feature",
      "geometry": {
        "coordinates": [
          [
            -96.625695,
            32.329214
          ],
          [
            -96.625611,
            32.329078
          ],
          [
            -96.625365,
            32.328708
          ],
          [
            -96.624916,
            32.328924
          ],
          [
            -96.624698,
            32.329029
          ],
          [
            -96.624461,
            32.329153
          ],
          [
            -96.624226,
            32.329269
          ],
          [
            -96.624037,
            32.329364
          ],
          [
            -96.623516,
            32.329611
          ],
          [
            -96.623131,
            32.3298
          ],
          [
            -96.623045,
            32.329842
          ],
          [
            -96.622589,
            32.330061
          ],
          [
            -96.621947,
            32.330371
          ],
          [
            -96.621408,
            32.330642
          ],
          [
            -96.62115,
            32.330771
          ],
          [
            -96.620744,
            32.330973
          ],
          [
            -96.620545,
            32.331071
          ],
          [
            -96.620075,
            32.331303
          ],
          [
            -96.619825,
            32.331426
          ],
          [
            -96.61894,
            32.331861
          ],
          [
            -96.618754,
            32.331951
          ],
          [
            -96.618684,
            32.331985
          ],
          [
            -96.618455,
            32.332119
          ],
          [
            -96.618321,
            32.332198
          ],
          [
            -96.618115,
            32.332316
          ],
          [
            -96.617981,
            32.3324
          ],
          [
            -96.617822,
            32.332501
          ],
          [
            -96.617612,
            32.332648
          ],
          [
            -96.617118,
            32.333072
          ],
          [
            -96.617075,
            32.333108
          ],
          [
            -96.616981,
            32.333186
          ],
          [
            -96.616817,
            32.333321
          ],
          [
            -96.616764,
            32.333365
          ],
          [
            -96.616694,
            32.333449
          ],
          [
            -96.616598,
            32.333546
          ],
          [
            -96.616521,
            32.333614
          ],
          [
            -96.616462,
            32.333684
          ],
          [
            -96.616338,
            32.33381
          ],
          [
            -96.61629,
            32.333867
          ],
          [
            -96.61605,
            32.334151
          ],
          [
            -96.615805,
            32.334445
          ],
          [
            -96.615488,
            32.334825
          ],
          [
            -96.615277,
            32.335079
          ],
          [
            -96.615139,
            32.335245
          ],
          [
            -96.615015,
            32.335395
          ],
          [
            -96.614729,
            32.335739
          ],
          [
            -96.614547,
            32.335957
          ],
          [
            -96.614339,
            32.336208
          ],
          [
            -96.614089,
            32.336484
          ],
          [
            -96.613268,
            32.337491
          ],
          [
            -96.612434,
            32.338511
          ],
          [
            -96.61235,
            32.338613
          ],
          [
            -96.611851,
            32.339202
          ],
          [
            -96.611547,
            32.339568
          ],
          [
            -96.611398,
            32.339726
          ],
          [
            -96.610969,
            32.340114
          ],
          [
            -96.610224,
            32.340688
          ],
          [
            -96.609255,
            32.34131
          ],
          [
            -96.608697,
            32.341669
          ],
          [
            -96.608521,
            32.341782
          ],
          [
            -96.608038,
            32.342092
          ],
          [
            -96.607741,
            32.342282
          ],
          [
            -96.607712,
            32.342301
          ],
          [
            -96.60756,
            32.342397
          ],
          [
            -96.606712,
            32.342928
          ],
          [
            -96.606505,
            32.343058
          ],
          [
            -96.60625,
            32.343226
          ],
          [
            -96.606127,
            32.343302
          ],
          [
            -96.605956,
            32.343408
          ],
          [
            -96.6053,
            32.343814
          ],
          [
            -96.604781,
            32.344137
          ],
          [
            -96.604549,
            32.344281
          ],
          [
            -96.603898,
            32.344696
          ],
          [
            -96.603537,
            32.344928
          ],
          [
            -96.603329,
            32.345067
          ],
          [
            -96.603098,
            32.345216
          ],
          [
            -96.602874,
            32.345352
          ],
          [
            -96.602633,
            32.345503
          ],
          [
            -96.602247,
            32.345745
          ],
          [
            -96.601845,
            32.345996
          ],
          [
            -96.601443,
            32.346249
          ],
          [
            -96.601357,
            32.346303
          ],
          [
            -96.599268,
            32.347622
          ],
          [
            -96.597476,
            32.348736
          ],
          [
            -96.597362,
            32.348813
          ],
          [
            -96.59734,
            32.348832
          ],
          [
            -96.597322,
            32.348847
          ],
          [
            -96.597271,
            32.348869
          ],
          [
            -96.597042,
            32.349012
          ],
          [
            -96.596813,
            32.349153
          ],
          [
            -96.595903,
            32.349731
          ],
          [
            -96.595055,
            32.350264
          ],
          [
            -96.594327,
            32.350721
          ],
          [
            -96.594011,
            32.350928
          ],
          [
            -96.592873,
            32.351643
          ],
          [
            -96.591783,
            32.352327
          ],
          [
            -96.591612,
            32.352432
          ],
          [
            -96.59103,
            32.352792
          ],
          [
            -96.590568,
            32.353077
          ],
          [
            -96.590508,
            32.353118
          ],
          [
            -96.59009,
            32.353389
          ],
          [
            -96.590019,
            32.353433
          ],
          [
            -96.589534,
            32.353732
          ],
          [
            -96.589123,
            32.353973
          ],
          [
            -96.589089,
            32.353993
          ],
          [
            -96.588968,
            32.354064
          ],
          [
            -96.588896,
            32.354104
          ],
          [
            -96.588207,
            32.354469
          ],
          [
            -96.588191,
            32.354477
          ],
          [
            -96.588097,
            32.354522
          ],
          [
            -96.587255,
            32.354919
          ],
          [
            -96.587146,
            32.35497
          ],
          [
            -96.586684,
            32.355194
          ],
          [
            -96.586247,
            32.355407
          ],
          [
            -96.586031,
            32.355513
          ],
          [
            -96.585725,
            32.355662
          ],
          [
            -96.585164,
            32.355935
          ],
          [
            -96.585063,
            32.355984
          ],
          [
            -96.58466,
            32.35618
          ],
          [
            -96.584193,
            32.356406
          ],
          [
            -96.584111,
            32.356448
          ],
          [
            -96.58415,
            32.356709
          ],
          [
            -96.584343,
            32.357996
          ],
          [
            -96.584416,
            32.358438
          ],
          [
            -96.584558,
            32.359296
          ],
          [
            -96.584692,
            32.360154
          ],
          [
            -96.58478,
            32.36072
          ],
          [
            -96.584847,
            32.361141
          ],
          [
            -96.584891,
            32.361422
          ],
          [
            -96.584894,
            32.361443
          ],
          [
            -96.585068,
            32.362542
          ],
          [
            -96.585243,
            32.36365
          ],
          [
            -96.585255,
            32.363785
          ],
          [
            -96.585266,
            32.364402
          ],
          [
            -96.585248,
            32.365105
          ],
          [
            -96.585241,
            32.36534
          ],
          [
            -96.585213,
            32.366979
          ],
          [
            -96.585146,
            32.36731
          ],
          [
            -96.584729,
            32.36851
          ],
          [
            -96.584671,
            32.368781
          ],
          [
            -96.584662,
            32.36892
          ],
          [
            -96.58468,
            32.369163
          ],
          [
            -96.584717,
            32.369336
          ],
          [
            -96.585019,
            32.37005
          ],
          [
            -96.585024,
            32.370065
          ],
          [
            -96.585197,
            32.37043
          ],
          [
            -96.585346,
            32.370803
          ],
          [
            -96.585521,
            32.371243
          ],
          [
            -96.585801,
            32.371879
          ],
          [
            -96.585897,
            32.372251
          ],
          [
            -96.58602,
            32.37312
          ],
          [
            -96.586025,
            32.373177
          ],
          [
            -96.586031,
            32.373259
          ],
          [
            -96.586037,
            32.373328
          ],
          [
            -96.586062,
            32.373513
          ],
          [
            -96.586263,
            32.375003
          ],
          [
            -96.586327,
            32.375201
          ],
          [
            -96.586368,
            32.375329
          ],
          [
            -96.586444,
            32.375487
          ],
          [
            -96.586456,
            32.37551
          ],
          [
            -96.586507,
            32.37561
          ],
          [
            -96.586774,
            32.376061
          ],
          [
            -96.586839,
            32.37616
          ],
          [
            -96.586904,
            32.376257
          ],
          [
            -96.587091,
            32.376539
          ],
          [
            -96.587451,
            32.37708
          ],
          [
            -96.588622,
            32.378769
          ],
          [
            -96.589069,
            32.379393
          ],
          [
            -96.589385,
            32.379862
          ],
          [
            -96.589706,
            32.380336
          ],
          [
            -96.589911,
            32.380598
          ],
          [
            -96.590416,
            32.381282
          ],
          [
            -96.590857,
            32.381848
          ],
          [
            -96.590953,
            32.381971
          ],
          [
            -96.591184,
            32.382295
          ],
          [
            -96.591197,
            32.382312
          ],
          [
            -96.591472,
            32.382713
          ],
          [
            -96.591643,
            32.382976
          ],
          [
            -96.591721,
            32.383097
          ],
          [
            -96.591754,
            32.383243
          ],
          [
            -96.591773,
            32.383404
          ],
          [
            -96.591771,
            32.383521
          ],
          [
            -96.591769,
            32.383625
          ],
          [
            -96.591731,
            32.383758
          ],
          [
            -96.591693,
            32.383885
          ],
          [
            -96.591598,
            32.384063
          ],
          [
            -96.591549,
            32.384151
          ],
          [
            -96.591423,
            32.384379
          ],
          [
            -96.591298,
            32.384608
          ],
          [
            -96.59096,
            32.385178
          ],
          [
            -96.590822,
            32.385574
          ],
          [
            -96.590629,
            32.386122
          ],
          [
            -96.590459,
            32.386492
          ],
          [
            -96.590338,
            32.386784
          ],
          [
            -96.590162,
            32.387074
          ],
          [
            -96.590027,
            32.387367
          ],
          [
            -96.589871,
            32.387639
          ],
          [
            -96.589627,
            32.388063
          ],
          [
            -96.589361,
            32.38856
          ],
          [
            -96.588737,
            32.389447
          ],
          [
            -96.588642,
            32.389581
          ],
          [
            -96.587968,
            32.390561
          ],
          [
            -96.587912,
            32.390632
          ],
          [
            -96.587009,
            32.391898
          ],
          [
            -96.586238,
            32.392933
          ],
          [
            -96.586202,
            32.392978
          ],
          [
            -96.586114,
            32.393086
          ],
          [
            -96.585886,
            32.393343
          ],
          [
            -96.585563,
            32.393659
          ],
          [
            -96.58514,
            32.394082
          ],
          [
            -96.584017,
            32.395301
          ],
          [
            -96.583758,
            32.395548
          ],
          [
            -96.582881,
            32.396466
          ],
          [
            -96.582676,
            32.396668
          ],
          [
            -96.582057,
            32.397254
          ],
          [
            -96.581817,
            32.397481
          ],
          [
            -96.581658,
            32.397641
          ],
          [
            -96.581513,
            32.39781
          ],
          [
            -96.58148,
            32.397905
          ],
          [
            -96.581474,
            32.397996
          ],
          [
            -96.58151,
            32.398078
          ],
          [
            -96.581573,
            32.39816
          ],
          [
            -96.581694,
            32.39825
          ],
          [
            -96.581839,
            32.398367
          ],
          [
            -96.581959,
            32.398444
          ],
          [
            -96.582127,
            32.398557
          ],
          [
            -96.582295,
            32.398673
          ],
          [
            -96.582384,
            32.398734
          ],
          [
            -96.584277,
            32.400183
          ],
          [
            -96.584995,
            32.400707
          ],
          [
            -96.585619,
            32.401165
          ],
          [
            -96.585919,
            32.401408
          ],
          [
            -96.586026,
            32.401495
          ],
          [
            -96.586267,
            32.401737
          ],
          [
            -96.587417,
            32.403171
          ],
          [
            -96.587523,
            32.403324
          ],
          [
            -96.58761,
            32.403509
          ],
          [
            -96.588108,
            32.404959
          ],
          [
            -96.588221,
            32.405289
          ],
          [
            -96.588634,
            32.406434
          ],
          [
            -96.588738,
            32.406779
          ],
          [
            -96.5888,
            32.40712
          ],
          [
            -96.588815,
            32.407321
          ],
          [
            -96.588816,
            32.407531
          ],
          [
            -96.588795,
            32.407735
          ],
          [
            -96.588672,
            32.40822
          ],
          [
            -96.588525,
            32.408783
          ],
          [
            -96.588492,
            32.408939
          ],
          [
            -96.588491,
            32.409279
          ],
          [
            -96.588569,
            32.41029
          ],
          [
            -96.58863,
            32.411255
          ],
          [
            -96.588761,
            32.412798
          ],
          [
            -96.588812,
            32.413281
          ],
          [
            -96.588902,
            32.414112
          ],
          [
            -96.588987,
            32.4145
          ],
          [
            -96.589271,
            32.415921
          ],
          [
            -96.590048,
            32.41972
          ],
          [
            -96.590425,
            32.421617
          ],
          [
            -96.590513,
            32.422027
          ],
          [
            -96.590825,
            32.423505
          ],
          [
            -96.590907,
            32.423911
          ],
          [
            -96.591139,
            32.425064
          ],
          [
            -96.5913,
            32.425864
          ],
          [
            -96.591489,
            32.426805
          ],
          [
            -96.591538,
            32.427048
          ],
          [
            -96.59154,
            32.42717
          ],
          [
            -96.591541,
            32.427276
          ],
          [
            -96.591517,
            32.427543
          ],
          [
            -96.591486,
            32.427641
          ],
          [
            -96.59147,
            32.42768
          ],
          [
            -96.591413,
            32.427832
          ],
          [
            -96.591299,
            32.428006
          ],
          [
            -96.590437,
            32.42906
          ],
          [
            -96.590271,
            32.429261
          ],
          [
            -96.590032,
            32.429533
          ],
          [
            -96.589513,
            32.43017
          ],
          [
            -96.589388,
            32.430324
          ],
          [
            -96.589156,
            32.430584
          ],
          [
            -96.588331,
            32.431503
          ],
          [
            -96.588021,
            32.43185
          ],
          [
            -96.58762,
            32.432298
          ],
          [
            -96.586565,
            32.433639
          ],
          [
            -96.58582,
            32.434557
          ],
          [
            -96.585611,
            32.434834
          ],
          [
            -96.585583,
            32.434872
          ],
          [
            -96.585309,
            32.435235
          ],
          [
            -96.585018,
            32.435623
          ],
          [
            -96.5848,
            32.435897
          ],
          [
            -96.584361,
            32.436437
          ],
          [
            -96.584161,
            32.436704
          ],
          [
            -96.583815,
            32.437095
          ],
          [
            -96.583669,
            32.43729
          ],
          [
            -96.583524,
            32.437487
          ],
          [
            -96.583427,
            32.437607
          ],
          [
            -96.583357,
            32.43776
          ],
          [
            -96.583325,
            32.437838
          ],
          [
            -96.583304,
            32.437943
          ],
          [
            -96.583307,
            32.43808
          ],
          [
            -96.583313,
            32.438193
          ],
          [
            -96.583333,
            32.438275
          ],
          [
            -96.583359,
            32.438342
          ],
          [
            -96.583378,
            32.438388
          ],
          [
            -96.583422,
            32.43845
          ],
          [
            -96.583642,
            32.438679
          ],
          [
            -96.583879,
            32.438868
          ],
          [
            -96.584281,
            32.439145
          ],
          [
            -96.584292,
            32.439152
          ],
          [
            -96.584515,
            32.439313
          ],
          [
            -96.584866,
            32.439561
          ],
          [
            -96.58562,
            32.440086
          ],
          [
            -96.586477,
            32.440701
          ],
          [
            -96.58701,
            32.441077
          ],
          [
            -96.587333,
            32.441305
          ],
          [
            -96.587368,
            32.44133
          ],
          [
            -96.587568,
            32.441471
          ],
          [
            -96.588131,
            32.441867
          ],
          [
            -96.588273,
            32.441998
          ],
          [
            -96.588377,
            32.442179
          ],
          [
            -96.588419,
            32.44234
          ],
          [
            -96.588432,
            32.442492
          ],
          [
            -96.588425,
            32.442623
          ],
          [
            -96.588387,
            32.442769
          ],
          [
            -96.588324,
            32.442898
          ],
          [
            -96.588259,
            32.442997
          ],
          [
            -96.586915,
            32.444373
          ],
          [
            -96.586696,
            32.444608
          ],
          [
            -96.586361,
            32.44495
          ],
          [
            -96.58614,
            32.445175
          ],
          [
            -96.585878,
            32.445443
          ],
          [
            -96.585729,
            32.445597
          ],
          [
            -96.585615,
            32.445716
          ],
          [
            -96.584894,
            32.446466
          ],
          [
            -96.583551,
            32.447862
          ],
          [
            -96.583215,
            32.448211
          ],
          [
            -96.582079,
            32.449392
          ],
          [
            -96.581304,
            32.450216
          ],
          [
            -96.581174,
            32.450355
          ],
          [
            -96.579482,
            32.452153
          ],
          [
            -96.579213,
            32.452439
          ],
          [
            -96.578582,
            32.453109
          ],
          [
            -96.578369,
            32.453334
          ],
          [
            -96.578155,
            32.453557
          ],
          [
            -96.577962,
            32.453757
          ],
          [
            -96.577402,
            32.454342
          ],
          [
            -96.577212,
            32.454539
          ],
          [
            -96.576696,
            32.455078
          ],
          [
            -96.575781,
            32.45602
          ],
          [
            -96.574656,
            32.457167
          ],
          [
            -96.574205,
            32.457626
          ],
          [
            -96.573825,
            32.458011
          ],
          [
            -96.573758,
            32.458079
          ],
          [
            -96.572993,
            32.458854
          ],
          [
            -96.571871,
            32.46001
          ],
          [
            -96.571177,
            32.460727
          ],
          [
            -96.570995,
            32.460905
          ],
          [
            -96.570837,
            32.461068
          ],
          [
            -96.570741,
            32.461167
          ],
          [
            -96.570679,
            32.461229
          ],
          [
            -96.5706,
            32.461311
          ],
          [
            -96.570462,
            32.461451
          ],
          [
            -96.570052,
            32.461864
          ],
          [
            -96.569684,
            32.462244
          ],
          [
            -96.569545,
            32.462385
          ],
          [
            -96.569313,
            32.46261
          ],
          [
            -96.569131,
            32.462792
          ],
          [
            -96.568772,
            32.463154
          ],
          [
            -96.568732,
            32.463196
          ],
          [
            -96.568589,
            32.463342
          ],
          [
            -96.568173,
            32.463756
          ],
          [
            -96.568101,
            32.463828
          ],
          [
            -96.568512,
            32.464145
          ],
          [
            -96.568864,
            32.46438
          ],
          [
            -96.569188,
            32.464596
          ],
          [
            -96.569401,
            32.464739
          ],
          [
            -96.569527,
            32.464844
          ],
          [
            -96.569614,
            32.464942
          ],
          [
            -96.569642,
            32.464994
          ],
          [
            -96.569691,
            32.465121
          ],
          [
            -96.56972,
            32.46526
          ],
          [
            -96.569779,
            32.465936
          ],
          [
            -96.569843,
            32.466503
          ],
          [
            -96.569868,
            32.46673
          ],
          [
            -96.569958,
            32.467523
          ],
          [
            -96.569981,
            32.467731
          ],
          [
            -96.570009,
            32.468021
          ],
          [
            -96.570007,
            32.468131
          ],
          [
            -96.570007,
            32.468176
          ],
          [
            -96.570035,
            32.468277
          ],
          [
            -96.570122,
            32.468435
          ],
          [
            -96.570151,
            32.468467
          ],
          [
            -96.570251,
            32.468579
          ],
          [
            -96.570328,
            32.468652
          ],
          [
            -96.570462,
            32.468766
          ],
          [
            -96.570672,
            32.468909
          ],
          [
            -96.570951,
            32.469109
          ],
          [
            -96.571379,
            32.469428
          ],
          [
            -96.571464,
            32.46949
          ],
          [
            -96.571548,
            32.469554
          ],
          [
            -96.571714,
            32.469679
          ],
          [
            -96.571879,
            32.469805
          ],
          [
            -96.572134,
            32.46999
          ],
          [
            -96.57239,
            32.470174
          ],
          [
            -96.572489,
            32.470245
          ],
          [
            -96.572583,
            32.470312
          ],
          [
            -96.573337,
            32.470853
          ],
          [
            -96.573964,
            32.471325
          ],
          [
            -96.574191,
            32.47149
          ],
          [
            -96.574658,
            32.47183
          ],
          [
            -96.575058,
            32.472121
          ],
          [
            -96.575524,
            32.472499
          ],
          [
            -96.57564,
            32.472586
          ],
          [
            -96.575791,
            32.472727
          ],
          [
            -96.575965,
            32.472909
          ],
          [
            -96.576117,
            32.473149
          ],
          [
            -96.576216,
            32.473354
          ],
          [
            -96.576415,
            32.473664
          ],
          [
            -96.57691,
            32.474435
          ],
          [
            -96.577294,
            32.475096
          ],
          [
            -96.57761,
            32.475591
          ],
          [
            -96.577995,
            32.476205
          ],
          [
            -96.578146,
            32.476486
          ],
          [
            -96.579474,
            32.476176
          ],
          [
            -96.57958,
            32.476151
          ],
          [
            -96.579715,
            32.476119
          ],
          [
            -96.581187,
            32.475763
          ],
          [
            -96.581435,
            32.475714
          ],
          [
            -96.581811,
            32.475642
          ],
          [
            -96.582297,
            32.475551
          ],
          [
            -96.582432,
            32.475526
          ],
          [
            -96.583177,
            32.475414
          ],
          [
            -96.584354,
            32.475273
          ],
          [
            -96.58441,
            32.475267
          ],
          [
            -96.58459,
            32.475245
          ],
          [
            -96.58468,
            32.475209
          ],
          [
            -96.584769,
            32.475158
          ],
          [
            -96.584896,
            32.475054
          ],
          [
            -96.585122,
            32.474825
          ],
          [
            -96.585203,
            32.474722
          ],
          [
            -96.585897,
            32.474057
          ],
          [
            -96.586098,
            32.473824
          ],
          [
            -96.586394,
            32.473504
          ],
          [
            -96.587103,
            32.472738
          ],
          [
            -96.587584,
            32.472237
          ],
          [
            -96.588012,
            32.471792
          ],
          [
            -96.588673,
            32.4711
          ],
          [
            -96.588825,
            32.470956
          ],
          [
            -96.589025,
            32.470761
          ],
          [
            -96.589509,
            32.470266
          ],
          [
            -96.589682,
            32.470089
          ],
          [
            -96.589928,
            32.469837
          ],
          [
            -96.590876,
            32.468881
          ],
          [
            -96.591742,
            32.467958
          ],
          [
            -96.592088,
            32.467568
          ],
          [
            -96.59231,
            32.467335
          ],
          [
            -96.592664,
            32.46701
          ],
          [
            -96.593052,
            32.466682
          ],
          [
            -96.593195,
            32.466578
          ],
          [
            -96.593316,
            32.466451
          ],
          [
            -96.593423,
            32.466316
          ],
          [
            -96.593495,
            32.466206
          ],
          [
            -96.593548,
            32.466074
          ],
          [
            -96.593572,
            32.46596
          ],
          [
            -96.59361,
            32.465823
          ],
          [
            -96.593674,
            32.465712
          ],
          [
            -96.593798,
            32.465581
          ],
          [
            -96.594417,
            32.46512
          ],
          [
            -96.594689,
            32.464906
          ],
          [
            -96.594732,
            32.464857
          ],
          [
            -96.594792,
            32.464767
          ],
          [
            -96.59486,
            32.464637
          ],
          [
            -96.594937,
            32.464449
          ],
          [
            -96.594944,
            32.464425
          ],
          [
            -96.594992,
            32.46427
          ],
          [
            -96.595044,
            32.464102
          ],
          [
            -96.595038,
            32.463555
          ],
          [
            -96.594998,
            32.462642
          ],
          [
            -96.594987,
            32.462545
          ],
          [
            -96.594962,
            32.462461
          ],
          [
            -96.594857,
            32.462187
          ],
          [
            -96.594806,
            32.462117
          ],
          [
            -96.594746,
            32.461997
          ],
          [
            -96.59466,
            32.461898
          ],
          [
            -96.594583,
            32.461802
          ],
          [
            -96.594509,
            32.461745
          ],
          [
            -96.594377,
            32.461669
          ],
          [
            -96.594108,
            32.461571
          ],
          [
            -96.59384,
            32.461451
          ],
          [
            -96.593673,
            32.461354
          ],
          [
            -96.593527,
            32.461248
          ],
          [
            -96.593443,
            32.461121
          ],
          [
            -96.59342,
            32.461043
          ],
          [
            -96.593413,
            32.46095
          ],
          [
            -96.593443,
            32.460864
          ],
          [
            -96.593942,
            32.460244
          ],
          [
            -96.594477,
            32.459617
          ],
          [
            -96.594576,
            32.459502
          ],
          [
            -96.594742,
            32.459307
          ],
          [
            -96.594976,
            32.45905
          ],
          [
            -96.59648,
            32.457396
          ],
          [
            -96.596484,
            32.457309
          ],
          [
            -96.596467,
            32.457266
          ],
          [
            -96.596403,
            32.457173
          ],
          [
            -96.596306,
            32.457069
          ],
          [
            -96.596156,
            32.456959
          ],
          [
            -96.596092,
            32.456922
          ],
          [
            -96.595988,
            32.456887
          ],
          [
            -96.59566,
            32.456832
          ],
          [
            -96.595456,
            32.456758
          ],
          [
            -96.595349,
            32.456701
          ],
          [
            -96.595202,
            32.456597
          ],
          [
            -96.595128,
            32.456521
          ],
          [
            -96.595073,
            32.456448
          ],
          [
            -96.594919,
            32.456188
          ],
          [
            -96.594829,
            32.456087
          ],
          [
            -96.594728,
            32.456017
          ],
          [
            -96.59409,
            32.455572
          ],
          [
            -96.593754,
            32.45535
          ],
          [
            -96.593673,
            32.455291
          ],
          [
            -96.593526,
            32.455183
          ],
          [
            -96.593502,
            32.455128
          ],
          [
            -96.593499,
            32.455077
          ],
          [
            -96.593535,
            32.45496
          ],
          [
            -96.594204,
            32.454236
          ],
          [
            -96.59448,
            32.453937
          ],
          [
            -96.595048,
            32.453331
          ],
          [
            -96.595343,
            32.453015
          ],
          [
            -96.595573,
            32.452767
          ],
          [
            -96.595596,
            32.452714
          ],
          [
            -96.595623,
            32.452607
          ],
          [
            -96.59564,
            32.452326
          ],
          [
            -96.595626,
            32.451831
          ],
          [
            -96.595618,
            32.450893
          ],
          [
            -96.59561,
            32.450674
          ],
          [
            -96.595583,
            32.449951
          ],
          [
            -96.59553,
            32.447296
          ],
          [
            -96.595527,
            32.447155
          ],
          [
            -96.595525,
            32.447028
          ],
          [
            -96.595498,
            32.44696
          ],
          [
            -96.595452,
            32.446901
          ],
          [
            -96.595349,
            32.446814
          ],
          [
            -96.595038,
            32.446598
          ],
          [
            -96.595172,
            32.446643
          ],
          [
            -96.595218,
            32.446654
          ],
          [
            -96.595384,
            32.446675
          ],
          [
            -96.595581,
            32.446669
          ],
          [
            -96.595706,
            32.44666
          ],
          [
            -96.595942,
            32.446595
          ],
          [
            -96.596117,
            32.446475
          ],
          [
            -96.596284,
            32.446356
          ],
          [
            -96.596691,
            32.445932
          ],
          [
            -96.597131,
            32.445473
          ],
          [
            -96.598726,
            32.443771
          ],
          [
            -96.599198,
            32.44328
          ],
          [
            -96.599511,
            32.44296
          ],
          [
            -96.600243,
            32.442208
          ],
          [
            -96.600714,
            32.441705
          ],
          [
            -96.601243,
            32.441146
          ],
          [
            -96.601609,
            32.440767
          ],
          [
            -96.602546,
            32.439796
          ],
          [
            -96.602712,
            32.439616
          ],
          [
            -96.602933,
            32.439389
          ],
          [
            -96.603234,
            32.43911
          ],
          [
            -96.603359,
            32.439048
          ],
          [
            -96.603432,
            32.439022
          ],
          [
            -96.603613,
            32.438961
          ],
          [
            -96.603666,
            32.438954
          ],
          [
            -96.603609,
            32.438597
          ],
          [
            -96.603594,
            32.438515
          ],
          [
            -96.60342,
            32.437624
          ],
          [
            -96.603353,
            32.437345
          ],
          [
            -96.603241,
            32.436791
          ],
          [
            -96.603216,
            32.43667
          ],
          [
            -96.603179,
            32.43638
          ],
          [
            -96.603156,
            32.43589
          ],
          [
            -96.603182,
            32.435495
          ],
          [
            -96.603224,
            32.435068
          ],
          [
            -96.60329,
            32.434736
          ],
          [
            -96.603446,
            32.433957
          ],
          [
            -96.603495,
            32.433695
          ],
          [
            -96.603631,
            32.43295
          ],
          [
            -96.603654,
            32.432823
          ],
          [
            -96.603697,
            32.432599
          ],
          [
            -96.603785,
            32.432131
          ],
          [
            -96.603789,
            32.432109
          ],
          [
            -96.603977,
            32.430998
          ],
          [
            -96.604121,
            32.430207
          ],
          [
            -96.604311,
            32.429057
          ],
          [
            -96.604338,
            32.428883
          ],
          [
            -96.604428,
            32.428542
          ],
          [
            -96.604442,
            32.428455
          ],
          [
            -96.604577,
            32.427657
          ],
          [
            -96.604617,
            32.427372
          ],
          [
            -96.604733,
            32.4268
          ],
          [
            -96.604845,
            32.42634
          ],
          [
            -96.605019,
            32.425915
          ],
          [
            -96.605162,
            32.425613
          ],
          [
            -96.605201,
            32.425531
          ],
          [
            -96.605231,
            32.425466
          ],
          [
            -96.605291,
            32.425376
          ],
          [
            -96.605529,
            32.425054
          ],
          [
            -96.605869,
            32.424594
          ],
          [
            -96.60589,
            32.424565
          ],
          [
            -96.606059,
            32.424395
          ],
          [
            -96.606121,
            32.424332
          ],
          [
            -96.606799,
            32.423648
          ],
          [
            -96.60698,
            32.423465
          ],
          [
            -96.607356,
            32.423049
          ],
          [
            -96.607781,
            32.422608
          ],
          [
            -96.60824,
            32.422098
          ],
          [
            -96.608722,
            32.42159
          ],
          [
            -96.609475,
            32.420782
          ],
          [
            -96.610049,
            32.420195
          ],
          [
            -96.610353,
            32.419885
          ],
          [
            -96.611042,
            32.419168
          ],
          [
            -96.611086,
            32.419122
          ],
          [
            -96.611406,
            32.418762
          ],
          [
            -96.61196,
            32.418176
          ],
          [
            -96.612295,
            32.417822
          ],
          [
            -96.612538,
            32.41756
          ],
          [
            -96.612703,
            32.417382
          ],
          [
            -96.613164,
            32.416885
          ],
          [
            -96.613178,
            32.416869
          ],
          [
            -96.613882,
            32.416144
          ],
          [
            -96.614579,
            32.415427
          ],
          [
            -96.614663,
            32.41534
          ],
          [
            -96.614986,
            32.415017
          ],
          [
            -96.615683,
            32.414316
          ],
          [
            -96.615834,
            32.414164
          ],
          [
            -96.616063,
            32.41395
          ],
          [
            -96.616869,
            32.413035
          ],
          [
            -96.617379,
            32.412504
          ],
          [
            -96.617811,
            32.412055
          ],
          [
            -96.618406,
            32.411472
          ],
          [
            -96.618551,
            32.41133
          ],
          [
            -96.618746,
            32.411119
          ],
          [
            -96.619503,
            32.410345
          ],
          [
            -96.620185,
            32.409611
          ],
          [
            -96.620404,
            32.409388
          ],
          [
            -96.620553,
            32.409236
          ],
          [
            -96.620693,
            32.409087
          ],
          [
            -96.621219,
            32.408529
          ],
          [
            -96.621618,
            32.408127
          ],
          [
            -96.621767,
            32.407982
          ],
          [
            -96.622137,
            32.407613
          ],
          [
            -96.622278,
            32.407472
          ],
          [
            -96.622934,
            32.406789
          ],
          [
            -96.622966,
            32.406754
          ],
          [
            -96.623349,
            32.406328
          ],
          [
            -96.623954,
            32.405746
          ],
          [
            -96.624307,
            32.405369
          ],
          [
            -96.624428,
            32.40524
          ],
          [
            -96.62455,
            32.405112
          ],
          [
            -96.624955,
            32.404682
          ],
          [
            -96.625137,
            32.404479
          ],
          [
            -96.625653,
            32.403894
          ],
          [
            -96.626319,
            32.403201
          ],
          [
            -96.626798,
            32.402718
          ],
          [
            -96.627157,
            32.402355
          ],
          [
            -96.627563,
            32.401944
          ],
          [
            -96.627917,
            32.401578
          ],
          [
            -96.628252,
            32.401232
          ],
          [
            -96.62873,
            32.400723
          ],
          [
            -96.628996,
            32.400443
          ],
          [
            -96.629337,
            32.400081
          ],
          [
            -96.629669,
            32.399759
          ],
          [
            -96.629969,
            32.399455
          ],
          [
            -96.630824,
            32.398542
          ],
          [
            -96.630947,
            32.398412
          ],
          [
            -96.631113,
            32.398235
          ],
          [
            -96.631462,
            32.397868
          ],
          [
            -96.631618,
            32.397704
          ],
          [
            -96.631822,
            32.397448
          ],
          [
            -96.632129,
            32.397025
          ],
          [
            -96.632225,
            32.396855
          ],
          [
            -96.632325,
            32.396675
          ],
          [
            -96.632584,
            32.396111
          ],
          [
            -96.632693,
            32.395748
          ],
          [
            -96.632719,
            32.395661
          ],
          [
            -96.632771,
            32.395428
          ],
          [
            -96.632818,
            32.395151
          ],
          [
            -96.632916,
            32.394295
          ],
          [
            -96.632923,
            32.394224
          ],
          [
            -96.633021,
            32.393271
          ],
          [
            -96.633134,
            32.392415
          ],
          [
            -96.633148,
            32.392268
          ],
          [
            -96.63315,
            32.392242
          ],
          [
            -96.633194,
            32.391771
          ],
          [
            -96.633255,
            32.391106
          ],
          [
            -96.633363,
            32.390317
          ],
          [
            -96.633398,
            32.390148
          ],
          [
            -96.633488,
            32.389817
          ],
          [
            -96.633497,
            32.389782
          ],
          [
            -96.633576,
            32.389492
          ],
          [
            -96.633715,
            32.388979
          ],
          [
            -96.633826,
            32.38857
          ],
          [
            -96.634084,
            32.387521
          ],
          [
            -96.634354,
            32.386798
          ],
          [
            -96.634508,
            32.38621
          ],
          [
            -96.634588,
            32.385904
          ],
          [
            -96.634672,
            32.385515
          ],
          [
            -96.634717,
            32.385351
          ],
          [
            -96.634828,
            32.38492
          ],
          [
            -96.635008,
            32.384388
          ],
          [
            -96.635024,
            32.384341
          ],
          [
            -96.635128,
            32.384116
          ],
          [
            -96.635358,
            32.383693
          ],
          [
            -96.635539,
            32.383422
          ],
          [
            -96.635691,
            32.383225
          ],
          [
            -96.636005,
            32.382857
          ],
          [
            -96.637183,
            32.38165
          ],
          [
            -96.637272,
            32.38157
          ],
          [
            -96.63738,
            32.381476
          ],
          [
            -96.637569,
            32.381311
          ],
          [
            -96.637813,
            32.381118
          ],
          [
            -96.637944,
            32.381015
          ],
          [
            -96.638176,
            32.380838
          ],
          [
            -96.638407,
            32.38066
          ],
          [
            -96.638432,
            32.380641
          ],
          [
            -96.639065,
            32.380156
          ],
          [
            -96.639818,
            32.37958
          ],
          [
            -96.640016,
            32.379428
          ],
          [
            -96.640374,
            32.37916
          ],
          [
            -96.640526,
            32.379046
          ],
          [
            -96.641215,
            32.378513
          ],
          [
            -96.641395,
            32.378354
          ],
          [
            -96.641643,
            32.378134
          ],
          [
            -96.64199,
            32.37782
          ],
          [
            -96.642524,
            32.377277
          ],
          [
            -96.643194,
            32.376601
          ],
          [
            -96.643643,
            32.376157
          ],
          [
            -96.643788,
            32.376016
          ],
          [
            -96.644054,
            32.375755
          ],
          [
            -96.644689,
            32.375166
          ],
          [
            -96.645557,
            32.374266
          ],
          [
            -96.646051,
            32.373807
          ],
          [
            -96.646414,
            32.374762
          ],
          [
            -96.646256,
            32.374813
          ],
          [
            -96.646143,
            32.37482
          ],
          [
            -96.646051,
            32.374827
          ],
          [
            -96.645836,
            32.374803
          ],
          [
            -96.645678,
            32.374758
          ],
          [
            -96.645569,
            32.374712
          ],
          [
            -96.645503,
            32.374657
          ],
          [
            -96.645202,
            32.374336
          ],
          [
            -96.644918,
            32.373999
          ],
          [
            -96.644246,
            32.373202
          ],
          [
            -96.644171,
            32.373115
          ],
          [
            -96.643642,
            32.372632
          ],
          [
            -96.643164,
            32.372137
          ],
          [
            -96.642092,
            32.371062
          ],
          [
            -96.641353,
            32.370232
          ],
          [
            -96.641241,
            32.370103
          ],
          [
            -96.640847,
            32.369653
          ],
          [
            -96.640701,
            32.369483
          ],
          [
            -96.640573,
            32.369332
          ],
          [
            -96.639127,
            32.367632
          ],
          [
            -96.638298,
            32.36667
          ],
          [
            -96.637337,
            32.365539
          ],
          [
            -96.635619,
            32.363556
          ],
          [
            -96.634894,
            32.36273
          ],
          [
            -96.634641,
            32.362432
          ],
          [
            -96.634259,
            32.361981
          ],
          [
            -96.633728,
            32.361365
          ],
          [
            -96.633436,
            32.361038
          ],
          [
            -96.632832,
            32.360329
          ],
          [
            -96.632735,
            32.360227
          ],
          [
            -96.631921,
            32.359263
          ],
          [
            -96.631701,
            32.359001
          ],
          [
            -96.630997,
            32.358198
          ],
          [
            -96.630235,
            32.35727
          ],
          [
            -96.629502,
            32.356316
          ],
          [
            -96.62884,
            32.355365
          ],
          [
            -96.628235,
            32.354415
          ],
          [
            -96.627518,
            32.35325
          ],
          [
            -96.625921,
            32.350583
          ],
          [
            -96.625626,
            32.350012
          ],
          [
            -96.624532,
            32.348218
          ],
          [
            -96.62343,
            32.34639
          ],
          [
            -96.622623,
            32.345019
          ],
          [
            -96.621964,
            32.343916
          ],
          [
            -96.621252,
            32.342761
          ],
          [
            -96.619942,
            32.340571
          ],
          [
            -96.619012,
            32.339011
          ],
          [
            -96.618796,
            32.338662
          ],
          [
            -96.618374,
            32.337977
          ],
          [
            -96.617207,
            32.336267
          ],
          [
            -96.61608,
            32.33472
          ],
          [
            -96.615619,
            32.334041
          ],
          [
            -96.614349,
            32.332259
          ],
          [
            -96.614061,
            32.331839
          ],
          [
            -96.61363,
            32.331201
          ],
          [
            -96.61303,
            32.330343
          ],
          [
            -96.612913,
            32.330185
          ],
          [
            -96.612612,
            32.329765
          ],
          [
            -96.61238,
            32.329436
          ],
          [
            -96.612221,
            32.329211
          ],
          [
            -96.611761,
            32.328547
          ],
          [
            -96.610872,
            32.327143
          ],
          [
            -96.609996,
            32.325733
          ],
          [
            -96.609898,
            32.325603
          ],
          [
            -96.609746,
            32.325381
          ],
          [
            -96.609642,
            32.32521
          ],
          [
            -96.609563,
            32.325108
          ],
          [
            -96.608969,
            32.324259
          ],
          [
            -96.609308,
            32.324095
          ],
          [
            -96.6096,
            32.323922
          ],
          [
            -96.609724,
            32.323891
          ],
          [
            -96.609815,
            32.323908
          ],
          [
            -96.609884,
            32.323932
          ],
          [
            -96.609965,
            32.323983
          ],
          [
            -96.610023,
            32.324039
          ],
          [
            -96.610096,
            32.324126
          ],
          [
            -96.610999,
            32.323639
          ],
          [
            -96.611204,
            32.323535
          ],
          [
            -96.612003,
            32.323146
          ],
          [
            -96.61234,
            32.322972
          ],
          [
            -96.612657,
            32.322823
          ],
          [
            -96.61327,
            32.322524
          ],
          [
            -96.613622,
            32.322342
          ],
          [
            -96.614377,
            32.321973
          ],
          [
            -96.615468,
            32.321426
          ],
          [
            -96.616155,
            32.32108
          ],
          [
            -96.616385,
            32.320959
          ],
          [
            -96.616888,
            32.320708
          ],
          [
            -96.617248,
            32.320522
          ],
          [
            -96.61727,
            32.320511
          ],
          [
            -96.617661,
            32.320318
          ],
          [
            -96.617721,
            32.32029
          ],
          [
            -96.617924,
            32.320183
          ],
          [
            -96.618478,
            32.319943
          ],
          [
            -96.61916,
            32.319601
          ],
          [
            -96.61947,
            32.319443
          ],
          [
            -96.619693,
            32.319333
          ],
          [
            -96.619745,
            32.319307
          ],
          [
            -96.619767,
            32.319297
          ],
          [
            -96.619977,
            32.319198
          ],
          [
            -96.620593,
            32.318914
          ],
          [
            -96.62087,
            32.318742
          ],
          [
            -96.621161,
            32.31852
          ],
          [
            -96.621399,
            32.318309
          ],
          [
            -96.621614,
            32.318078
          ],
          [
            -96.621683,
            32.317997
          ],
          [
            -96.621708,
            32.317967
          ],
          [
            -96.621805,
            32.317811
          ],
          [
            -96.622035,
            32.317388
          ],
          [
            -96.622495,
            32.316442
          ],
          [
            -96.623071,
            32.315224
          ],
          [
            -96.623376,
            32.314584
          ],
          [
            -96.623601,
            32.314095
          ],
          [
            -96.623818,
            32.313623
          ],
          [
            -96.623928,
            32.313393
          ],
          [
            -96.624338,
            32.312531
          ],
          [
            -96.624381,
            32.312441
          ],
          [
            -96.624445,
            32.3123
          ],
          [
            -96.624615,
            32.311928
          ],
          [
            -96.624852,
            32.311408
          ],
          [
            -96.624991,
            32.311122
          ],
          [
            -96.625,
            32.311103
          ],
          [
            -96.62514,
            32.310783
          ],
          [
            -96.625163,
            32.310729
          ],
          [
            -96.62545,
            32.31014
          ],
          [
            -96.625551,
            32.309935
          ],
          [
            -96.625561,
            32.309913
          ],
          [
            -96.625615,
            32.309796
          ],
          [
            -96.625694,
            32.309623
          ],
          [
            -96.625741,
            32.309544
          ],
          [
            -96.625829,
            32.309377
          ],
          [
            -96.625863,
            32.309311
          ],
          [
            -96.62604,
            32.309032
          ],
          [
            -96.626217,
            32.308754
          ],
          [
            -96.626384,
            32.30852
          ],
          [
            -96.626584,
            32.308238
          ],
          [
            -96.627005,
            32.307716
          ],
          [
            -96.627038,
            32.307684
          ],
          [
            -96.627187,
            32.307547
          ],
          [
            -96.627374,
            32.307375
          ],
          [
            -96.627485,
            32.307282
          ],
          [
            -96.627589,
            32.307195
          ],
          [
            -96.627714,
            32.307077
          ],
          [
            -96.627774,
            32.307029
          ],
          [
            -96.628057,
            32.306801
          ],
          [
            -96.628647,
            32.306386
          ],
          [
            -96.629983,
            32.305459
          ],
          [
            -96.630055,
            32.305413
          ],
          [
            -96.630546,
            32.305093
          ],
          [
            -96.630913,
            32.304876
          ],
          [
            -96.631474,
            32.304577
          ],
          [
            -96.631566,
            32.304528
          ],
          [
            -96.631661,
            32.304477
          ],
          [
            -96.632394,
            32.304127
          ],
          [
            -96.632479,
            32.304083
          ],
          [
            -96.633396,
            32.303611
          ],
          [
            -96.634245,
            32.303174
          ],
          [
            -96.634424,
            32.303081
          ],
          [
            -96.635317,
            32.302627
          ],
          [
            -96.635547,
            32.302512
          ],
          [
            -96.635767,
            32.302401
          ],
          [
            -96.636899,
            32.30177
          ],
          [
            -96.637057,
            32.301682
          ],
          [
            -96.637527,
            32.301417
          ],
          [
            -96.637657,
            32.301344
          ],
          [
            -96.637735,
            32.3013
          ],
          [
            -96.637814,
            32.301255
          ],
          [
            -96.638081,
            32.301104
          ],
          [
            -96.638255,
            32.301005
          ],
          [
            -96.638423,
            32.300909
          ],
          [
            -96.63851,
            32.300855
          ],
          [
            -96.638652,
            32.300776
          ],
          [
            -96.638914,
            32.300629
          ],
          [
            -96.639512,
            32.300282
          ],
          [
            -96.639685,
            32.300188
          ],
          [
            -96.639975,
            32.300017
          ],
          [
            -96.640967,
            32.299456
          ],
          [
            -96.641118,
            32.299371
          ],
          [
            -96.642595,
            32.298567
          ],
          [
            -96.642444,
            32.298342
          ],
          [
            -96.641876,
            32.297518
          ],
          [
            -96.641626,
            32.297159
          ],
          [
            -96.641573,
            32.297078
          ],
          [
            -96.641388,
            32.296797
          ],
          [
            -96.640847,
            32.295993
          ],
          [
            -96.640535,
            32.295529
          ],
          [
            -96.640445,
            32.295395
          ],
          [
            -96.640103,
            32.294889
          ],
          [
            -96.639714,
            32.294309
          ],
          [
            -96.639475,
            32.293954
          ],
          [
            -96.639429,
            32.293886
          ],
          [
            -96.639383,
            32.293816
          ],
          [
            -96.638728,
            32.292838
          ],
          [
            -96.638492,
            32.292485
          ],
          [
            -96.638201,
            32.292049
          ],
          [
            -96.63771,
            32.291311
          ],
          [
            -96.637159,
            32.290489
          ],
          [
            -96.637106,
            32.290362
          ],
          [
            -96.637106,
            32.290315
          ],
          [
            -96.637116,
            32.290287
          ],
          [
            -96.636958,
            32.290069
          ],
          [
            -96.636855,
            32.289934
          ],
          [
            -96.636702,
            32.289742
          ],
          [
            -96.636695,
            32.289708
          ],
          [
            -96.636777,
            32.28961
          ],
          [
            -96.636695,
            32.289708
          ],
          [
            -96.636702,
            32.289742
          ],
          [
            -96.636855,
            32.289934
          ],
          [
            -96.636958,
            32.290069
          ],
          [
            -96.637116,
            32.290287
          ],
          [
            -96.637106,
            32.290315
          ],
          [
            -96.637106,
            32.290362
          ],
          [
            -96.637159,
            32.290489
          ],
          [
            -96.63771,
            32.291311
          ],
          [
            -96.638492,
            32.292485
          ],
          [
            -96.638728,
            32.292838
          ],
          [
            -96.639383,
            32.293816
          ],
          [
            -96.639429,
            32.293886
          ],
          [
            -96.639475,
            32.293954
          ],
          [
            -96.639714,
            32.294309
          ],
          [
            -96.640103,
            32.294889
          ],
          [
            -96.640445,
            32.295395
          ],
          [
            -96.640535,
            32.295529
          ],
          [
            -96.640847,
            32.295993
          ],
          [
            -96.641388,
            32.296797
          ],
          [
            -96.641573,
            32.297078
          ],
          [
            -96.641626,
            32.297159
          ],
          [
            -96.641876,
            32.297518
          ],
          [
            -96.642444,
            32.298342
          ],
          [
            -96.642595,
            32.298567
          ],
          [
            -96.642941,
            32.298387
          ],
          [
            -96.643625,
            32.298032
          ],
          [
            -96.64403,
            32.297815
          ],
          [
            -96.644188,
            32.29773
          ],
          [
            -96.6447,
            32.297455
          ],
          [
            -96.645266,
            32.297152
          ],
          [
            -96.645873,
            32.296796
          ],
          [
            -96.646273,
            32.296518
          ],
          [
            -96.646652,
            32.296241
          ],
          [
            -96.646821,
            32.296106
          ],
          [
            -96.647027,
            32.295933
          ],
          [
            -96.64707,
            32.295894
          ],
          [
            -96.647459,
            32.295524
          ],
          [
            -96.647584,
            32.295406
          ],
          [
            -96.648042,
            32.294853
          ],
          [
            -96.648943,
            32.293721
          ],
          [
            -96.649289,
            32.293307
          ],
          [
            -96.649603,
            32.292955
          ],
          [
            -96.649618,
            32.292938
          ],
          [
            -96.649883,
            32.29266
          ],
          [
            -96.650158,
            32.292385
          ],
          [
            -96.650263,
            32.292534
          ],
          [
            -96.650532,
            32.292941
          ],
          [
            -96.651075,
            32.293748
          ],
          [
            -96.65118,
            32.293939
          ],
          [
            -96.651217,
            32.294006
          ],
          [
            -96.6516,
            32.294595
          ],
          [
            -96.651965,
            32.295157
          ],
          [
            -96.65214,
            32.295426
          ],
          [
            -96.652268,
            32.295625
          ],
          [
            -96.652383,
            32.295802
          ],
          [
            -96.652394,
            32.295819
          ],
          [
            -96.652645,
            32.296206
          ],
          [
            -96.652671,
            32.296242
          ],
          [
            -96.652977,
            32.29667
          ],
          [
            -96.653169,
            32.296939
          ],
          [
            -96.653279,
            32.297093
          ],
          [
            -96.653384,
            32.29724
          ],
          [
            -96.653653,
            32.297643
          ],
          [
            -96.653727,
            32.297749
          ],
          [
            -96.653926,
            32.298035
          ],
          [
            -96.654,
            32.298142
          ],
          [
            -96.654256,
            32.298515
          ],
          [
            -96.654286,
            32.298558
          ],
          [
            -96.654464,
            32.298818
          ],
          [
            -96.65507,
            32.299674
          ],
          [
            -96.655486,
            32.300261
          ],
          [
            -96.655558,
            32.300362
          ],
          [
            -96.656385,
            32.301522
          ],
          [
            -96.656425,
            32.301578
          ],
          [
            -96.656501,
            32.301683
          ],
          [
            -96.657199,
            32.302643
          ],
          [
            -96.65727,
            32.30274
          ],
          [
            -96.657466,
            32.303046
          ],
          [
            -96.658311,
            32.304439
          ],
          [
            -96.659651,
            32.306354
          ],
          [
            -96.661124,
            32.308542
          ],
          [
            -96.661364,
            32.308908
          ],
          [
            -96.661907,
            32.309724
          ],
          [
            -96.662333,
            32.310352
          ],
          [
            -96.662766,
            32.311033
          ],
          [
            -96.662333,
            32.310352
          ],
          [
            -96.661907,
            32.309724
          ],
          [
            -96.661364,
            32.308908
          ],
          [
            -96.661124,
            32.308542
          ],
          [
            -96.659651,
            32.306354
          ],
          [
            -96.658311,
            32.304439
          ],
          [
            -96.657466,
            32.303046
          ],
          [
            -96.65727,
            32.30274
          ],
          [
            -96.657199,
            32.302643
          ],
          [
            -96.656425,
            32.301578
          ],
          [
            -96.656385,
            32.301522
          ],
          [
            -96.655558,
            32.300362
          ],
          [
            -96.655486,
            32.300261
          ],
          [
            -96.65507,
            32.299674
          ],
          [
            -96.654464,
            32.298818
          ],
          [
            -96.654286,
            32.298558
          ],
          [
            -96.654256,
            32.298515
          ],
          [
            -96.654,
            32.298142
          ],
          [
            -96.653926,
            32.298035
          ],
          [
            -96.653727,
            32.297749
          ],
          [
            -96.653653,
            32.297643
          ],
          [
            -96.653384,
            32.29724
          ],
          [
            -96.653279,
            32.297093
          ],
          [
            -96.653169,
            32.296939
          ],
          [
            -96.652977,
            32.29667
          ],
          [
            -96.652671,
            32.296242
          ],
          [
            -96.652645,
            32.296206
          ],
          [
            -96.652394,
            32.295819
          ],
          [
            -96.652383,
            32.295802
          ],
          [
            -96.652268,
            32.295625
          ],
          [
            -96.65214,
            32.295426
          ],
          [
            -96.651965,
            32.295157
          ],
          [
            -96.6516,
            32.294595
          ],
          [
            -96.651217,
            32.294006
          ],
          [
            -96.65118,
            32.293939
          ],
          [
            -96.651075,
            32.293748
          ],
          [
            -96.650532,
            32.292941
          ],
          [
            -96.650263,
            32.292534
          ],
          [
            -96.650158,
            32.292385
          ],
          [
            -96.649883,
            32.29266
          ],
          [
            -96.649618,
            32.292938
          ],
          [
            -96.649603,
            32.292955
          ],
          [
            -96.649289,
            32.293307
          ],
          [
            -96.648943,
            32.293721
          ],
          [
            -96.648042,
            32.294853
          ],
          [
            -96.647584,
            32.295406
          ],
          [
            -96.647459,
            32.295524
          ],
          [
            -96.64707,
            32.295894
          ],
          [
            -96.647027,
            32.295933
          ],
          [
            -96.646821,
            32.296106
          ],
          [
            -96.646652,
            32.296241
          ],
          [
            -96.646273,
            32.296518
          ],
          [
            -96.645873,
            32.296796
          ],
          [
            -96.645266,
            32.297152
          ],
          [
            -96.6447,
            32.297455
          ],
          [
            -96.644188,
            32.29773
          ],
          [
            -96.64403,
            32.297815
          ],
          [
            -96.643625,
            32.298032
          ],
          [
            -96.642941,
            32.298387
          ],
          [
            -96.642595,
            32.298567
          ],
          [
            -96.641118,
            32.299371
          ],
          [
            -96.640967,
            32.299456
          ],
          [
            -96.639975,
            32.300017
          ],
          [
            -96.639685,
            32.300188
          ],
          [
            -96.639512,
            32.300282
          ],
          [
            -96.638914,
            32.300629
          ],
          [
            -96.638652,
            32.300776
          ],
          [
            -96.63851,
            32.300855
          ],
          [
            -96.638423,
            32.300909
          ],
          [
            -96.638255,
            32.301005
          ],
          [
            -96.638081,
            32.301104
          ],
          [
            -96.637814,
            32.301255
          ],
          [
            -96.637735,
            32.3013
          ],
          [
            -96.637657,
            32.301344
          ],
          [
            -96.637527,
            32.301417
          ],
          [
            -96.637057,
            32.301682
          ],
          [
            -96.636899,
            32.30177
          ],
          [
            -96.635767,
            32.302401
          ],
          [
            -96.635547,
            32.302512
          ],
          [
            -96.635317,
            32.302627
          ],
          [
            -96.634424,
            32.303081
          ],
          [
            -96.634245,
            32.303174
          ],
          [
            -96.633396,
            32.303611
          ],
          [
            -96.632479,
            32.304083
          ],
          [
            -96.632394,
            32.304127
          ],
          [
            -96.631661,
            32.304477
          ],
          [
            -96.631566,
            32.304528
          ],
          [
            -96.631474,
            32.304577
          ],
          [
            -96.630913,
            32.304876
          ],
          [
            -96.630546,
            32.305093
          ],
          [
            -96.630055,
            32.305413
          ],
          [
            -96.629983,
            32.305459
          ],
          [
            -96.628647,
            32.306386
          ],
          [
            -96.628057,
            32.306801
          ],
          [
            -96.627774,
            32.307029
          ],
          [
            -96.627714,
            32.307077
          ],
          [
            -96.627589,
            32.307195
          ],
          [
            -96.627485,
            32.307282
          ],
          [
            -96.627374,
            32.307375
          ],
          [
            -96.627187,
            32.307547
          ],
          [
            -96.627038,
            32.307684
          ],
          [
            -96.627005,
            32.307716
          ],
          [
            -96.626584,
            32.308238
          ],
          [
            -96.626384,
            32.30852
          ],
          [
            -96.626217,
            32.308754
          ],
          [
            -96.62604,
            32.309032
          ],
          [
            -96.625863,
            32.309311
          ],
          [
            -96.625829,
            32.309377
          ],
          [
            -96.625741,
            32.309544
          ],
          [
            -96.625694,
            32.309623
          ],
          [
            -96.625615,
            32.309796
          ],
          [
            -96.625561,
            32.309913
          ],
          [
            -96.625551,
            32.309935
          ],
          [
            -96.62545,
            32.31014
          ],
          [
            -96.625163,
            32.310729
          ],
          [
            -96.62514,
            32.310783
          ],
          [
            -96.625,
            32.311103
          ],
          [
            -96.624991,
            32.311122
          ],
          [
            -96.624852,
            32.311408
          ],
          [
            -96.624615,
            32.311928
          ],
          [
            -96.624445,
            32.3123
          ],
          [
            -96.624381,
            32.312441
          ],
          [
            -96.624338,
            32.312531
          ],
          [
            -96.623928,
            32.313393
          ],
          [
            -96.623818,
            32.313623
          ],
          [
            -96.623601,
            32.314095
          ],
          [
            -96.623376,
            32.314584
          ],
          [
            -96.623071,
            32.315224
          ],
          [
            -96.622495,
            32.316442
          ],
          [
            -96.622035,
            32.317388
          ],
          [
            -96.621805,
            32.317811
          ],
          [
            -96.621708,
            32.317967
          ],
          [
            -96.621683,
            32.317997
          ],
          [
            -96.621614,
            32.318078
          ],
          [
            -96.621399,
            32.318309
          ],
          [
            -96.621161,
            32.31852
          ],
          [
            -96.62087,
            32.318742
          ],
          [
            -96.620593,
            32.318914
          ],
          [
            -96.620801,
            32.319204
          ],
          [
            -96.62114,
            32.319702
          ],
          [
            -96.621522,
            32.320102
          ],
          [
            -96.621813,
            32.320363
          ],
          [
            -96.621921,
            32.320482
          ],
          [
            -96.622163,
            32.320794
          ],
          [
            -96.622615,
            32.321388
          ],
          [
            -96.623261,
            32.322315
          ],
          [
            -96.62379,
            32.323083
          ],
          [
            -96.624366,
            32.32392
          ],
          [
            -96.624906,
            32.324707
          ],
          [
            -96.625427,
            32.325471
          ],
          [
            -96.625683,
            32.325826
          ],
          [
            -96.625972,
            32.326226
          ],
          [
            -96.626018,
            32.326271
          ],
          [
            -96.626627,
            32.327007
          ],
          [
            -96.627185,
            32.32781
          ],
          [
            -96.626751,
            32.328018
          ],
          [
            -96.626439,
            32.328175
          ],
          [
            -96.625933,
            32.328426
          ],
          [
            -96.625365,
            32.328708
          ],
          [
            -96.625611,
            32.329078
          ],
          [
            -96.625695,
            32.329214
          ]
        ],
        "type": "LineString"
      },
      "properties": {
        "loop": "slingshot-route",
        "name": "Slingshot Scenic Loop",
        "color": "#F5751F",
        "distanceMiles": 37.2,
        "approximate": true,
        "note": "Curated scenic suggestion, not an official Bluebonnet Trail. Built for the Ennis Slingshot site: starts/ends at the Ennis Welcome Center and routes via OSRM through Sugar Ridge Rd/Sugar Ridge Winery near Bristol, the Lakeview Dr/Lake Bardwell area, and the Meadow View Nature Area vicinity. Distance and duration are OSRM's real driving estimate, not a guaranteed ~2 hour target."
      }
    },
    {
      "type": "Feature",
      "geometry": {
        "type": "Point",
        "coordinates": [
          -96.6255,
          32.3293
        ]
      },
      "properties": {
        "type": "welcome-center",
        "name": "Ennis Welcome Center",
        "description": "Starting point for the Ennis Bluebonnet Trails; bluebonnet trail maps and current bloom status are available here during the April trail season.",
        "source": "Task-provided coordinate; https://www.bluebonnettrail.org/trailmap"
      }
    },
    {
      "type": "Feature",
      "geometry": {
        "type": "Point",
        "coordinates": [
          -96.6565011,
          32.3016828
        ]
      },
      "properties": {
        "type": "photo-spot",
        "name": "Meadow View Nature Area",
        "description": "39-acre nature area near Bardwell Lake on the West Bluebonnet Trail; per the official trail map, access is via Hwy 34 only, and it is best known as an April bluebonnet photo location. Coordinate is a road-proxy (Laneview Dr) since the nature area itself is not indexed by name in OpenStreetMap/Nominatim.",
        "source": "Nominatim geocoding (Laneview Dr proxy); official 2018 Ennis Bluebonnet Trails map"
      }
    },
    {
      "type": "Feature",
      "geometry": {
        "type": "Point",
        "coordinates": [
          -96.6537397,
          32.3130009
        ]
      },
      "properties": {
        "type": "park",
        "name": "Bluebonnet Park",
        "description": "47-acre city park at 201 S Highway 287 in Ennis, marked as a trail landmark on the official Bluebonnet Trails map.",
        "source": "Nominatim geocoding"
      }
    },
    {
      "type": "Feature",
      "geometry": {
        "type": "Point",
        "coordinates": [
          -96.5949445,
          32.4644245
        ]
      },
      "properties": {
        "type": "winery",
        "name": "Sugar Ridge Winery",
        "description": "Winery at 353 Sugar Ridge Rd near Bristol, TX, marked with a winery icon on the official North Bluebonnet Trail map. The exact street address did not resolve in Nominatim, so this coordinate is the Sugar Ridge Rd centroid near Bristol shown on the source map.",
        "source": "Nominatim geocoding (Sugar Ridge Rd centroid, address unresolved); official 2018 Ennis Bluebonnet Trails map"
      }
    },
    {
      "type": "Feature",
      "geometry": {
        "type": "Point",
        "coordinates": [
          -96.6382014,
          32.2920487
        ]
      },
      "properties": {
        "type": "photo-spot",
        "name": "Lakeview Drive / Lake Bardwell Area",
        "description": "Lakeview Drive along Bardwell Lake, on the West Bluebonnet Trail; a popular scenic and photo area southwest of downtown Ennis.",
        "source": "Nominatim geocoding"
      }
    },
    {
      "type": "Feature",
      "geometry": {
        "type": "Point",
        "coordinates": [
          -96.6328203,
          32.3260874
        ]
      },
      "properties": {
        "type": "parking",
        "name": "Downtown Ennis Parking",
        "description": "General parking area in downtown Ennis near W Knox St and the historic downtown square, a reasonable staging point close to the Welcome Center for trail visitors.",
        "source": "Nominatim geocoding"
      }
    }
  ]
}